Genotype ID	B11	Na23	Mg25	Al27	P31	S34	K39	Ca43	Mn55	Fe57	Co59	Ni60	Cu65	Zn66	As75	Se82	Rb85	Sr88	Mo98	Cd111
BESC-100	0.61	1.73	35.49	1.37	19.73	19.77	87.97	208.02	6.09	1.8	1.12	0.8	0.99	26.93	-3.07	-0.24	2.0	9.75	-1.26	-0.33
BESC-101	0.61	1.84	39.11	1.38	18.91	19.33	73.67	235.62	4.69	1.74	1.85	1.2	0.95	21.24	-2.85	-0.32	2.22	11.49	-1.07	-0.63
BESC-104	0.61	1.86	30.55	1.37	18.44	18.35	80.46	210.13	4.51	1.69	1.18	1.05	1.02	18.29	-5.17	-0.5	1.71	10.1	-1.59	-0.68
BESC-105	0.61	1.77	37.0	1.46	19.2	19.01	82.21	247.55	5.71	1.74	2.31	1.15	1.04	24.56	-5.22	-0.39	2.15	13.73	-1.35	-0.4
BESC-107	0.61	1.79	35.17	1.4	18.67	18.73	75.28	220.08	4.73	1.71	2.0	1.11	1.05	14.99	-5.08	-0.52	2.53	10.02	-1.43	-0.52
BESC-108	0.61	1.79	34.59	1.68	18.81	18.78	75.84	172.41	5.48	1.79	1.77	0.74	0.94	19.84	-3.85	-0.97	2.44	7.63	-1.17	-0.7
BESC-109	0.61	1.72	35.39	1.5	18.49	17.97	66.17	197.52	3.74	1.74	0.42	1.36	1.03	21.26	-3.25	-0.53	1.69	9.99	-1.86	-0.99
BESC-112	0.61	1.84	34.18	1.42	18.98	18.88	78.61	212.93	4.99	1.73	2.52	1.46	1.02	21.62	-3.54	-0.35	2.17	10.34	-1.43	-0.46
BESC-113	0.61	1.89	42.37	1.55	22.39	21.44	80.23	300.21	6.28	1.79	3.84	1.85	1.24	27.53	-3.61	-0.29	1.69	14.71	-0.99	0.48
BESC-115	0.61	1.8	34.31	1.56	19.16	19.57	79.9	228.53	5.26	1.75	2.28	1.55	1.08	29.03	-5.54	-0.64	2.26	11.61	-1.74	-0.05
BESC-117	0.61	1.79	33.87	1.66	19.09	19.28	84.83	227.77	6.15	1.8	2.15	1.42	1.08	26.07	-6.04	-0.55	2.31	12.82	-1.43	-0.09
BESC-118	0.61	1.84	34.73	1.64	19.12	18.58	82.15	260.2	5.28	1.74	1.32	1.73	1.04	29.47	-5.54	-0.61	2.22	13.29	-1.54	0.24
BESC-120	0.61	1.86	32.46	1.57	18.89	18.93	73.16	215.24	5.45	1.69	1.8	1.12	0.99	21.96	-5.9	-0.59	1.95	9.54	-1.46	0.02
BESC-123	0.61	1.86	33.54	1.25	18.84	18.26	71.86	241.09	4.23	1.77	0.4	0.63	1.02	20.18	-3.82	-0.66	2.53	11.74	-1.26	-0.95
BESC-124	0.61	1.75	35.04	1.33	18.81	18.93	78.14	222.27	4.79	1.81	1.48	1.31	1.0	21.47	-3.34	-0.29	1.92	11.27	-1.54	-0.4
BESC-129	0.61	1.86	34.05	1.41	19.67	19.25	90.37	211.23	4.78	1.68	2.65	1.23	1.08	27.31	-5.13	-0.24	2.24	10.39	-1.43	-0.18
BESC-13	0.61	1.93	32.54	1.3	19.07	19.02	86.61	209.17	4.84	1.71	1.64	1.19	1.01	20.72	-4.66	-0.44	2.03	10.39	-1.8	-0.41
BESC-130	0.61	1.79	31.92	1.64	19.53	18.89	72.62	218.8	5.91	1.7	2.41	1.54	1.06	27.18	-5.48	-0.27	2.09	11.28	-0.99	-0.34
BESC-133	0.61	1.76	31.56	1.5	18.08	18.01	88.05	194.29	5.25	1.69	1.82	1.09	0.89	19.52	-5.48	-0.59	1.93	8.97	-1.39	-0.49
BESC-134	0.61	1.87	35.77	1.67	19.46	19.13	88.15	252.84	6.22	1.73	3.18	1.81	1.02	28.36	-5.03	-0.43	2.91	13.37	-1.43	0.18
BESC-135	0.61	1.87	35.14	1.52	19.64	18.88	79.83	248.59	5.67	1.73	2.52	1.23	0.98	29.78	-4.66	-0.27	1.7	13.58	-1.5	0.2
BESC-138	0.61	1.87	32.86	1.43	19.34	18.6	81.85	216.46	6.3	1.7	1.91	1.01	1.06	24.24	-5.43	-0.68	2.21	10.58	-1.39	0.08
BESC-14	0.61	1.95	32.73	1.66	19.57	19.15	73.7	215.27	5.25	1.75	2.24	1.47	1.0	27.41	-4.44	-0.22	1.26	9.67	-0.97	-0.53
BESC-140	0.61	1.85	35.32	1.82	19.04	18.91	70.36	238.54	6.2	1.76	2.08	0.59	1.24	25.02	-5.48	-0.77	1.76	11.52	-1.17	0.19
BESC-141	0.61	1.84	33.59	1.62	18.64	18.86	81.21	189.63	5.99	1.77	1.97	0.42	1.02	21.09	-4.78	-0.36	1.36	9.61	-0.79	-0.43
BESC-146	0.61	1.95	28.71	1.87	18.95	18.12	83.02	142.06	5.25	1.81	0.54	1.53	1.13	14.98	-2.68	-0.64	1.89	5.6	-1.5	-1.09
BESC-147	0.61	1.7	33.89	1.73	19.6	19.23	82.55	230.74	5.49	1.71	1.99	1.12	1.03	23.64	-4.82	-0.27	1.99	12.48	-0.87	-0.07
BESC-15	0.61	1.9	38.72	1.54	20.34	20.61	74.36	203.79	5.69	1.75	1.85	1.3	1.06	23.96	-4.15	0.27	1.7	9.69	-0.84	-0.61
BESC-152	0.61	1.76	33.51	1.58	18.96	18.94	74.62	223.24	5.67	1.71	1.31	1.41	1.0	20.31	-6.11	-0.55	1.77	11.15	-1.17	-0.1
BESC-154	0.61	1.78	36.6	1.63	19.41	19.71	89.98	252.12	5.64	1.76	1.29	1.07	1.03	21.21	-5.43	-0.59	1.84	12.42	-1.29	0.06
BESC-155	0.61	1.77	33.88	1.54	19.45	19.31	75.06	205.87	5.85	1.72	1.7	0.53	1.03	24.29	-5.32	-0.44	1.6	9.58	-0.39	-0.32
BESC-156	0.61	1.8	32.37	1.2	18.8	18.6	71.22	197.24	5.05	1.69	0.83	0.64	0.92	25.74	-5.77	-0.8	1.38	8.84	-1.26	-0.19
BESC-161	0.61	1.7	33.67	1.62	18.61	18.6	84.12	214.3	5.9	1.72	1.05	0.77	0.98	25.01	-4.07	-0.35	1.44	11.09	-0.91	-0.44
BESC-162	0.61	1.85	33.93	1.65	19.38	19.54	82.54	198.64	5.96	1.7	1.96	0.82	1.02	25.81	-5.22	-0.41	1.77	10.07	-0.81	-0.08
BESC-163	0.61	1.78	30.76	1.54	19.38	19.37	73.22	182.35	5.54	1.7	1.5	0.92	0.99	25.61	-4.82	-0.29	1.83	8.43	-0.63	-0.63
BESC-167	0.61	1.82	34.58	1.41	19.14	19.15	78.9	241.5	4.94	1.71	2.07	0.8	1.06	25.12	-4.41	-0.66	1.37	13.29	-1.09	-0.43
BESC-168	0.61	1.82	30.18	1.48	19.36	18.95	87.19	186.87	5.2	1.77	0.98	1.27	1.07	18.73	-4.09	-0.3	2.24	8.72	-1.23	-0.88
BESC-171	0.61	1.85	33.56	1.26	19.91	19.34	65.37	217.36	6.09	1.74	2.5	0.58	0.87	21.65	-5.84	-0.61	1.19	10.01	-1.35	0.17
BESC-172	0.61	1.78	34.95	1.52	17.36	18.03	75.92	166.28	5.12	1.79	0.7	1.08	0.93	21.18	-4.34	-0.77	1.2	7.44	-1.12	-0.86
BESC-173	0.61	1.76	31.52	1.42	19.06	18.12	71.1	199.79	5.34	1.72	1.65	0.88	1.04	20.51	-4.99	-0.36	1.61	10.09	-1.69	-0.36
BESC-178	0.61	1.76	27.51	1.69	18.2	17.79	77.76	154.87	4.95	1.69	2.13	1.08	1.0	14.15	-6.83	-0.64	2.17	6.48	-0.87	-1.07
BESC-179	0.61	1.84	35.06	1.48	19.01	19.25	71.1	224.47	5.16	1.73	1.22	1.26	1.01	26.71	-3.9	-0.41	1.89	11.33	-1.23	0.12
BESC-18	0.61	1.76	39.23	1.48	19.18	18.98	62.45	252.9	5.3	1.77	1.6	0.96	0.9	21.83	-5.48	-0.8	1.37	12.79	-1.35	-0.53
BESC-180	0.61	1.74	34.72	1.42	18.01	18.43	75.96	166.94	5.48	1.82	0.8	1.15	1.02	15.9	-2.37	-0.5	1.56	8.13	-0.61	-0.78
BESC-181	0.61	1.86	32.62	1.63	19.07	19.31	77.91	236.22	5.91	1.72	2.15	1.34	1.07	22.94	-6.04	-0.52	2.35	12.41	-0.93	-0.29
BESC-182	0.61	1.87	36.57	1.45	19.24	18.98	80.52	258.07	4.73	1.73	1.46	0.37	0.98	32.43	-4.12	-0.33	1.03	13.96	-1.26	0.1
BESC-184	0.61	1.85	28.02	1.43	19.01	18.6	65.45	158.56	5.03	1.79	0.45	0.73	0.96	19.38	-3.66	-0.75	1.53	6.45	-1.29	-0.99
BESC-185	0.61	1.78	36.46	1.36	18.35	18.98	66.38	246.75	4.98	1.78	0.64	1.69	1.11	22.67	-4.01	-0.94	1.57	13.25	-1.07	0.02
BESC-187	0.61	1.81	38.37	1.67	19.1	19.01	76.83	222.88	4.25	1.74	1.72	0.93	0.93	23.45	-5.03	-0.52	2.3	10.84	-0.77	-0.8
BESC-19	0.61	1.78	32.62	1.64	18.56	17.88	88.82	185.64	5.72	1.77	2.07	1.1	1.05	19.81	-4.41	-0.53	2.55	8.38	-1.32	-0.47
BESC-191	0.61	1.68	30.69	1.67	19.38	19.4	72.52	205.7	6.18	1.72	1.93	1.32	1.06	24.95	-4.82	-0.43	2.62	10.2	-0.66	-0.15
BESC-195	0.61	1.81	35.42	1.57	18.03	18.14	77.67	181.79	4.5	1.73	1.62	0.74	0.95	24.86	-4.55	-0.61	2.24	8.45	-1.04	-0.65
BESC-197	0.61	1.7	33.87	1.54	19.31	19.58	85.01	220.21	6.23	1.79	0.58	1.21	1.01	22.88	-3.06	-0.68	2.53	11.43	-1.14	-0.34
BESC-198	0.61	1.77	32.46	1.72	19.3	19.95	75.6	212.61	6.28	1.76	2.36	1.54	1.05	25.97	-4.21	-0.43	2.48	11.14	-0.55	-0.3
BESC-199	0.61	1.8	36.8	1.78	19.19	19.24	78.6	215.84	4.75	1.74	0.28	1.08	0.95	24.15	-2.63	-0.53	2.14	10.33	-1.2	-0.47
BESC-200	0.61	1.78	33.24	1.62	18.66	19.22	79.06	212.75	5.94	1.77	1.59	1.68	1.12	20.49	-3.95	-0.5	2.27	11.17	-0.99	-0.38
BESC-201	0.61	1.76	33.75	1.72	19.33	18.94	66.22	216.85	5.32	1.75	1.74	1.06	0.91	23.57	-4.18	-0.97	1.97	10.16	-1.02	-0.27
BESC-202	0.61	1.9	37.67	1.35	18.72	18.63	83.81	210.91	4.53	1.77	1.17	1.34	1.05	17.54	-4.15	-0.53	2.27	10.05	-0.58	-0.61
BESC-205	0.61	1.88	33.64	1.63	19.44	19.98	66.85	263.12	6.61	1.76	1.78	0.99	0.94	28.45	-4.31	-0.26	1.66	14.45	-1.23	0.05
BESC-206	0.61	1.88	35.94	1.46	18.84	18.27	72.1	205.69	4.45	1.75	1.17	1.16	1.04	17.5	-4.01	-0.3	2.04	9.94	-0.55	-0.65
BESC-208	0.61	1.82	38.81	1.55	18.85	18.64	65.6	236.81	4.61	1.76	1.23	1.2	0.94	22.95	-4.44	-0.48	1.62	12.71	-1.35	-0.32
BESC-209	0.61	1.85	35.68	1.41	17.64	18.67	80.73	210.23	5.21	1.67	1.45	0.64	1.05	17.85	-4.28	-0.35	1.95	11.05	-0.97	0.0
BESC-211	0.61	1.81	32.39	1.46	18.98	19.56	79.26	192.11	5.18	1.77	0.82	1.41	1.0	25.12	-3.42	-0.39	2.4	9.1	-1.32	-0.65
BESC-213	0.61	1.94	35.28	1.47	19.21	18.29	73.18	145.51	4.57	1.74	1.65	1.85	0.98	17.1	-2.41	-0.3	1.61	5.99	-0.53	-0.84
BESC-216	0.61	1.85	36.07	1.74	19.28	19.09	80.65	262.95	5.57	1.78	1.07	1.07	1.0	25.22	-4.07	-0.41	2.36	13.69	-0.83	0.33
BESC-219	0.61	1.8	38.69	1.44	19.55	19.9	73.9	264.82	5.78	1.73	1.83	0.88	1.03	19.2	-4.58	-0.57	1.79	13.92	-1.2	0.1
BESC-22	0.61	1.93	36.13	1.72	19.71	17.82	71.32	190.27	4.57	1.79	0.96	0.96	1.0	14.69	-3.8	-0.57	2.42	8.79	-1.43	-0.52
BESC-220	0.61	1.86	35.28	1.42	18.99	18.81	70.33	205.92	4.93	1.75	1.13	0.81	0.94	17.99	-3.9	-0.55	1.88	10.44	-0.77	-0.17
BESC-222	0.61	1.84	32.95	1.57	18.79	18.98	77.17	171.07	6.04	1.78	1.91	0.95	1.04	21.26	-4.51	-0.57	2.33	8.18	-0.79	-0.46
BESC-226	0.61	1.84	33.6	1.32	19.1	19.39	83.49	267.53	5.2	1.73	1.45	1.01	1.07	26.93	-3.8	-0.38	2.35	14.01	-1.26	0.26
BESC-228	0.61	1.84	34.99	1.56	19.42	20.04	77.75	212.56	6.63	1.8	1.31	0.97	0.97	28.4	-2.21	-0.43	2.72	11.22	-0.79	-0.23
BESC-230	0.61	1.68	31.96	1.36	19.21	19.2	79.42	187.15	5.26	1.76	1.65	0.95	1.03	18.0	-4.62	-0.55	1.4	8.37	-1.26	-0.49
BESC-231	0.61	1.77	33.87	1.63	19.14	19.55	82.33	220.93	6.06	1.7	2.38	1.28	1.0	24.7	-6.11	-0.27	1.72	11.5	-0.87	-0.04
BESC-232	0.61	1.87	31.1	1.78	19.36	19.46	77.84	236.99	6.08	1.71	2.24	0.35	1.0	21.67	-6.57	-0.64	1.84	12.29	-0.52	-0.29
BESC-233	0.61	1.78	34.98	1.55	19.26	20.01	77.45	216.14	6.25	1.79	1.23	0.79	1.07	22.14	-3.27	-0.43	2.02	10.79	-0.84	-0.33
BESC-234	0.61	1.84	33.07	1.37	18.77	18.93	81.77	222.76	5.1	1.75	0.76	1.11	1.19	22.82	-3.54	-0.53	1.89	11.09	-1.86	0.06
BESC-239	0.61	1.75	43.04	1.47	19.82	20.21	87.33	318.29	5.99	1.77	2.07	0.87	0.99	28.91	-4.31	-0.55	1.84	16.95	-1.07	0.55
BESC-24	0.61	1.81	31.15	1.25	19.2	18.81	80.13	214.06	5.05	1.76	1.63	1.14	1.08	23.45	-5.71	-0.3	1.71	10.5	-1.29	-0.44
BESC-241	0.61	1.74	31.79	1.63	19.22	19.61	82.37	242.37	5.81	1.72	1.98	0.39	0.98	23.61	-5.22	-0.35	1.85	12.99	-1.07	-0.17
BESC-243	0.61	1.77	33.1	1.52	19.3	19.5	71.32	235.96	6.1	1.71	1.33	0.62	1.0	24.21	-6.11	-0.7	1.41	12.87	-0.71	0.27
BESC-246	0.61	1.8	35.46	1.49	18.99	19.33	79.69	240.25	4.83	1.74	0.73	0.98	0.93	23.01	-5.27	-0.26	1.63	12.33	-1.04	-0.5
BESC-247	0.61	1.75	25.19	1.56	17.81	18.38	85.16	138.95	4.86	1.66	1.92	0.89	1.03	12.78	-7.57	-0.5	2.33	5.09	-1.12	-1.15
BESC-248	0.61	1.85	31.04	1.73	18.76	18.83	77.4	203.42	5.7	1.72	1.69	0.31	0.88	18.29	-6.4	-0.7	1.4	10.85	-1.26	-0.01
BESC-249	0.61	1.71	26.7	1.59	18.76	18.87	67.95	188.43	6.29	1.72	1.19	0.7	0.86	24.33	-5.17	-0.44	0.83	8.91	-0.66	-0.22
BESC-25	0.61	1.72	34.17	1.29	18.39	18.91	94.67	226.34	4.82	1.75	1.06	0.92	1.11	19.77	-4.25	-0.2	2.21	12.27	-1.39	-0.88
BESC-251	0.61	1.81	37.75	1.52	20.76	20.65	73.63	250.41	7.13	1.77	1.61	0.9	0.94	25.74	-2.57	-0.07	1.51	13.14	-0.93	0.25
BESC-255	0.61	1.77	30.38	1.45	18.98	18.37	74.04	187.38	5.08	1.74	1.45	1.59	1.07	19.43	-5.6	-0.64	1.82	7.99	-1.26	-0.52
BESC-256	0.61	1.74	35.03	1.35	19.55	18.77	73.46	202.88	5.0	1.74	1.89	0.54	0.96	22.93	-5.08	-0.66	1.26	9.3	-0.99	-0.4
BESC-257	0.61	1.81	29.16	1.53	18.82	18.89	76.8	205.18	5.92	1.69	1.86	0.87	1.02	21.06	-6.83	-0.85	1.73	10.13	-0.55	-0.53
BESC-258	0.61	1.73	35.32	1.72	19.03	18.93	90.26	231.56	6.4	1.77	1.81	1.4	1.06	24.27	-4.78	-0.53	2.58	12.41	-0.91	-0.46
BESC-259	0.61	1.82	35.64	1.82	19.86	19.91	87.38	226.25	6.18	1.76	2.73	1.4	1.14	25.02	-4.31	-0.2	2.19	11.04	-0.71	0.04
BESC-26	0.61	1.86	36.66	1.61	19.78	19.85	80.11	238.45	6.23	1.71	3.28	1.07	1.11	29.17	-5.65	-0.5	2.01	11.81	-0.77	-0.12
BESC-260	0.61	1.78	32.83	1.3	19.68	19.54	69.36	195.42	5.38	1.8	1.31	1.43	1.04	24.23	-2.89	-0.55	1.99	8.5	-1.26	-0.82
BESC-261	0.61	1.67	33.68	1.62	18.93	18.84	79.83	207.04	4.55	1.8	1.15	1.18	0.99	22.15	-2.99	-0.55	2.2	10.46	-1.17	-0.78
BESC-265	0.61	1.72	35.07	1.66	19.24	18.8	80.8	219.76	6.01	1.74	1.99	1.27	1.07	24.02	-5.27	-0.52	2.04	11.87	-0.91	-0.19
BESC-269	0.61	1.77	31.1	1.72	19.93	19.64	77.97	189.5	6.36	1.74	2.5	1.52	1.04	29.05	-4.37	-0.29	1.77	8.48	-0.42	-0.41
BESC-27	0.61	1.87	35.21	1.63	19.27	19.11	62.4	231.62	6.14	1.73	2.87	1.11	0.95	21.21	-5.54	-0.29	1.81	11.58	-0.58	-0.17
BESC-274	0.61	1.75	37.67	1.39	19.17	19.79	80.72	244.14	5.05	1.75	2.28	1.47	1.08	21.73	-3.98	-0.35	1.65	13.5	-0.77	-0.43
BESC-275	0.61	1.82	34.38	1.69	19.86	19.11	75.62	242.18	5.94	1.71	2.87	0.87	0.96	23.98	-5.27	-0.24	1.88	12.8	-0.89	0.0
BESC-276	0.61	1.81	32.07	1.66	18.39	18.37	87.83	179.2	5.42	1.79	1.63	1.28	1.07	22.49	-3.82	-0.61	2.47	8.68	-0.83	-0.7
BESC-277	0.61	1.84	28.76	1.61	19.15	20.05	79.21	232.87	5.92	1.75	2.18	1.46	1.19	26.17	-4.18	-0.59	2.24	11.99	-0.45	-0.21
BESC-278	0.61	1.76	34.42	1.55	19.3	19.04	73.8	227.42	5.45	1.72	2.02	1.01	1.21	19.22	-5.03	-0.38	1.99	11.46	-1.07	-0.29
BESC-280	0.61	1.81	35.17	1.4	19.33	18.99	64.68	229.15	5.18	1.73	1.58	1.18	1.02	17.04	-4.94	-0.41	1.55	11.8	-0.97	-0.76
BESC-281	0.61	1.76	37.83	1.49	19.01	18.72	75.59	228.2	5.14	1.77	2.12	0.96	0.99	19.04	-3.59	-0.26	2.23	11.88	-0.93	-0.72
BESC-284	0.61	1.76	37.29	1.57	20.19	19.43	68.55	236.79	5.41	1.78	1.69	1.39	0.98	19.15	-3.66	-0.35	2.03	11.52	-1.09	-0.49
BESC-285	0.61	1.72	35.12	1.6	18.65	19.02	72.59	218.79	5.25	1.75	1.9	0.4	0.9	20.2	-5.08	-0.44	2.16	10.86	-0.83	-0.68
BESC-287	0.61	1.78	35.98	1.54	18.73	18.68	78.37	219.26	6.21	1.81	1.21	0.67	0.96	18.75	-3.28	-0.83	2.16	10.99	-0.89	-0.88
BESC-288	0.61	1.71	30.72	1.48	19.11	18.44	73.16	148.25	5.07	1.79	0.72	1.03	1.02	18.24	-3.12	-0.59	1.81	6.28	-1.17	-1.21
BESC-289	0.61	1.82	32.34	1.42	19.54	18.99	74.81	208.07	4.58	1.78	1.2	0.84	1.03	21.33	-4.04	-0.61	1.73	10.13	-1.2	-0.74
BESC-290	0.61	1.91	31.34	1.5	18.6	18.81	79.82	201.22	4.53	1.71	1.46	0.81	1.03	19.91	-5.13	-0.48	1.81	9.97	-0.87	-0.66
BESC-291	0.61	1.93	32.83	1.53	19.99	19.13	61.76	202.9	5.33	1.79	1.47	1.3	0.81	22.15	-3.75	-0.55	1.11	9.19	-1.43	-0.53
BESC-292	0.61	1.88	34.07	1.74	18.15	18.33	71.27	214.7	4.34	1.75	0.76	1.29	1.01	20.72	-4.09	-0.52	1.94	10.56	-1.02	-0.61
BESC-293	0.61	1.85	37.09	1.5	19.24	18.86	84.08	247.97	4.95	1.74	1.52	1.08	0.9	22.09	-3.7	-0.73	2.0	13.01	-1.14	-0.36
BESC-294	0.61	1.76	31.15	1.49	19.15	18.42	77.58	197.43	5.34	1.7	1.66	0.92	0.97	23.99	-5.71	-0.94	1.88	9.1	-0.68	-0.52
BESC-295	0.61	1.77	37.1	1.6	19.38	19.05	83.46	249.31	6.2	1.77	0.78	1.44	0.98	22.59	-4.74	-0.44	2.22	13.72	-0.93	-0.37
BESC-296	0.61	1.79	38.13	1.48	20.73	20.65	80.42	258.37	6.36	1.76	2.52	0.52	0.98	22.38	-4.31	-0.14	2.43	13.16	-1.23	0.42
BESC-297	0.61	1.71	32.8	1.96	19.57	19.3	72.66	251.1	6.56	1.72	1.37	0.97	1.07	26.2	-4.51	-0.46	1.58	12.98	-0.71	0.03
BESC-30	0.61	1.87	32.27	1.44	19.3	18.53	79.8	216.74	4.75	1.76	1.31	1.09	1.03	24.52	-4.44	-0.73	2.02	9.83	-1.5	-0.46
BESC-300	0.61	1.8	28.45	1.57	19.32	19.46	70.07	194.72	5.98	1.7	2.79	0.59	0.98	23.08	-6.04	-0.24	1.13	8.85	-0.99	-0.37
BESC-302	0.61	1.75	36.56	1.71	18.37	18.62	81.84	211.15	4.76	1.73	0.7	0.88	0.95	27.09	-3.25	-0.73	1.91	10.6	-1.14	-0.36
BESC-303	0.61	1.8	32.53	1.62	19.85	18.96	73.8	186.41	5.65	1.77	1.43	0.79	0.94	28.91	-3.73	-0.35	1.68	8.28	-1.26	-0.56
BESC-305	0.61	1.83	33.09	1.49	19.01	18.87	70.38	216.82	5.27	1.74	0.81	1.91	1.1	21.96	-5.32	-0.43	1.49	10.56	-1.54	-0.66
BESC-306	0.61	1.78	35.96	1.56	19.06	18.87	70.52	214.85	6.14	1.79	1.28	1.42	0.93	27.71	-3.11	-0.48	1.57	10.5	-0.83	-0.23
BESC-307	0.61	1.84	38.05	1.47	19.3	18.7	73.15	263.99	4.96	1.75	0.87	0.79	1.1	16.46	-4.74	-0.57	2.26	13.79	-1.02	-0.27
BESC-308	0.61	1.7	36.89	1.59	18.91	19.41	79.71	209.71	6.61	1.8	1.68	1.88	1.06	23.31	-3.82	-0.61	2.06	10.43	-0.84	-0.38
BESC-311	0.61	1.83	33.26	1.73	19.11	18.55	79.59	202.72	5.27	1.71	1.76	1.03	0.87	21.75	-5.77	-0.55	2.14	9.34	-0.95	-0.38
BESC-313	0.61	1.8	35.02	1.51	18.4	18.19	67.12	220.86	5.05	1.69	1.67	0.16	0.89	16.49	-5.9	-0.68	1.4	11.23	-0.81	-0.6
BESC-315	0.61	1.79	30.15	1.44	17.82	17.8	69.19	144.81	4.99	1.79	0.48	0.4	0.94	11.95	-2.22	-0.55	1.1	6.85	-1.54	-1.18
BESC-316	0.61	1.88	31.59	1.48	18.49	17.62	77.32	143.11	4.43	1.74	0.36	0.86	1.15	15.42	-3.23	-0.94	1.68	5.93	-1.26	-1.07
BESC-317	0.61	1.78	31.24	1.49	18.96	18.97	78.07	233.74	5.99	1.73	1.78	1.31	0.99	26.41	-4.66	-0.53	2.65	12.64	-0.97	-0.07
BESC-318	0.61	1.86	29.85	1.34	18.9	18.52	74.23	193.85	4.7	1.7	2.53	1.09	0.9	21.78	-4.37	-0.32	1.81	9.13	-1.35	-0.63
BESC-321	0.61	1.8	33.91	1.48	18.66	18.19	68.76	223.91	4.96	1.76	1.62	0.86	1.1	21.86	-4.94	-0.59	1.64	11.52	-1.07	-0.3
BESC-322	0.61	1.78	35.37	1.39	19.12	18.36	77.41	217.65	4.88	1.73	1.35	0.91	0.99	22.96	-4.31	-0.27	1.73	10.38	-1.43	-0.06
BESC-324	0.61	1.71	33.13	1.55	19.91	19.07	69.08	209.51	5.29	1.77	1.71	1.28	0.96	20.32	-4.74	-0.53	1.46	9.99	-0.81	-0.47
BESC-327	0.61	1.77	38.36	1.72	18.79	18.73	91.46	256.24	5.16	1.73	1.05	1.18	1.08	16.97	-5.03	-0.68	2.67	13.71	-1.04	-0.43
BESC-329	0.61	1.88	33.15	1.69	20.23	19.88	76.13	241.55	6.68	1.73	2.3	0.25	0.93	28.17	-4.66	-0.5	1.62	13.02	-0.38	0.29
BESC-330	0.61	1.78	30.3	1.53	18.35	18.57	77.47	129.14	5.02	1.79	0.48	0.99	0.99	11.65	-3.01	-0.57	2.29	5.25	-1.29	-1.27
BESC-331	0.61	1.82	31.79	1.52	19.17	18.84	76.82	208.92	5.84	1.68	2.16	0.92	0.9	17.73	-5.84	-0.43	2.08	9.36	-1.46	0.21
BESC-332	0.61	1.66	36.04	1.55	18.78	19.24	89.04	215.35	6.55	1.81	1.75	1.07	1.06	23.89	-3.61	-0.3	2.41	10.62	-0.97	-0.41
BESC-333	0.61	1.73	31.66	1.64	19.41	18.59	90.48	185.62	5.71	1.74	1.96	0.92	0.9	24.46	-4.66	-0.52	2.37	8.67	-0.81	-0.46
BESC-335	0.61	1.79	34.12	1.52	19.18	18.52	82.3	180.92	4.97	1.78	1.41	1.18	1.03	20.42	-2.2	-0.68	1.95	7.95	-0.65	-0.36
BESC-337	0.61	1.88	34.31	1.67	19.36	19.38	84.17	222.37	6.23	1.7	2.21	1.21	1.05	27.3	-5.48	-0.38	2.55	11.86	-0.77	0.01
BESC-342	0.61	1.73	36.38	1.64	19.44	19.23	88.32	231.7	5.89	1.75	1.89	1.13	1.0	27.16	-4.44	-0.57	1.99	12.38	-0.75	-0.25
BESC-345	0.61	1.8	35.07	1.74	19.96	19.72	83.74	263.07	6.37	1.73	2.53	1.28	1.07	26.26	-5.27	-0.43	2.26	15.12	-0.87	-0.14
BESC-346	0.61	1.8	31.55	1.67	19.67	19.23	77.67	214.74	6.8	1.76	2.47	1.04	1.12	22.65	-4.74	-0.73	2.7	10.63	-0.45	-0.12
BESC-347	0.61	1.8	32.34	1.7	18.58	18.42	90.34	213.81	4.55	1.74	1.66	1.71	1.01	25.1	-3.34	-0.77	2.31	10.63	-1.04	-0.29
BESC-349	0.61	1.85	33.68	1.82	19.83	19.6	79.9	222.89	6.16	1.71	1.92	1.04	1.11	24.04	-4.62	-0.77	2.17	11.4	-0.58	-0.47
BESC-35	0.61	1.86	35.37	1.5	19.29	18.84	76.91	206.04	5.59	1.77	1.76	1.19	1.03	18.36	-3.98	-0.5	1.54	10.14	-1.26	-0.55
BESC-351	0.61	1.86	36.19	1.56	19.18	19.69	86.41	275.83	5.57	1.71	2.11	1.06	1.03	22.65	-5.38	-0.66	2.51	15.37	-1.26	0.04
BESC-352	0.61	1.78	31.82	1.58	19.57	19.5	93.41	255.54	6.32	1.78	1.78	1.02	1.07	21.88	-3.77	-0.27	2.59	13.69	-0.97	-0.09
BESC-353	0.61	1.85	33.01	1.59	19.9	19.63	75.53	234.15	5.81	1.74	1.64	1.38	1.08	23.3	-3.85	-0.5	1.84	12.06	-0.77	-0.33
BESC-358	0.61	1.81	31.73	1.44	19.05	18.23	85.56	200.92	4.59	1.72	0.83	0.73	1.01	21.76	-5.03	-0.44	2.05	9.32	-1.2	-0.82
BESC-359	0.61	1.76	37.12	1.53	19.84	19.54	79.29	261.84	5.56	1.76	1.61	0.82	0.99	26.69	-5.17	-0.7	1.76	12.62	-1.14	-0.37
BESC-36	0.61	1.81	33.54	1.61	18.78	18.37	76.03	176.76	6.29	1.79	2.1	0.82	1.03	22.3	-3.28	-0.61	1.47	8.21	-0.71	-0.47
BESC-360	0.61	1.75	33.7	1.57	18.88	19.18	77.17	227.19	5.71	1.74	1.3	0.8	0.97	21.35	-4.34	-0.39	1.84	12.02	-0.79	-0.58
BESC-361	0.61	1.72	33.65	1.62	19.29	18.67	77.94	206.96	4.98	1.73	1.21	1.14	1.06	17.17	-5.17	-0.83	2.25	9.51	-1.07	-0.72
BESC-362	0.61	1.7	33.76	1.63	18.73	19.04	86.3	220.88	6.06	1.72	1.71	0.32	0.92	24.72	-4.31	-0.83	2.56	11.99	-0.61	-0.32
BESC-364	0.61	1.91	35.21	1.32	19.86	19.39	72.94	226.56	5.44	1.76	2.13	0.34	0.83	28.11	-3.95	-0.44	1.58	10.4	-0.84	0.36
BESC-365	0.61	1.82	31.11	1.59	18.42	18.04	61.62	192.49	5.43	1.79	1.1	0.75	1.01	18.54	-4.15	-0.44	1.98	9.4	-0.61	-1.34
BESC-368	0.61	1.71	33.04	1.37	17.34	17.23	86.43	159.59	5.32	1.76	1.09	0.23	0.87	14.27	-4.82	-0.59	2.09	7.17	-1.14	-1.02
BESC-369	0.61	1.79	35.99	1.61	19.38	19.11	72.69	212.17	6.16	1.73	1.45	1.1	0.95	24.25	-3.93	-0.75	1.41	10.68	-0.24	-0.44
BESC-37	0.61	1.81	33.82	1.39	18.49	18.19	72.64	149.94	5.15	1.76	0.57	1.05	0.85	18.0	-3.5	-0.57	2.43	6.01	-1.12	-0.97
BESC-371	0.61	1.75	36.05	1.51	18.96	19.09	78.29	192.35	5.37	1.72	1.41	0.89	1.03	22.34	-4.44	-0.43	2.36	9.32	-1.23	-0.4
BESC-372	0.61	1.83	33.11	1.71	18.8	18.4	76.29	203.15	6.09	1.74	2.1	0.72	0.91	17.16	-4.9	-0.66	1.63	10.98	-0.93	-0.08
BESC-375	0.61	1.78	38.43	1.66	19.8	20.57	74.85	252.37	6.22	1.75	1.94	0.59	0.91	23.12	-5.32	-0.29	2.02	13.37	-1.2	0.13
BESC-376	0.61	1.72	34.24	1.52	19.29	18.82	71.81	194.42	5.81	1.78	1.49	1.15	1.12	21.96	-3.66	-0.68	1.92	8.69	-1.17	-0.55
BESC-377	0.61	1.79	32.52	1.42	18.55	19.04	83.14	188.8	5.67	1.77	1.01	1.39	1.03	21.26	-3.98	-0.68	1.7	8.66	-0.83	-0.78
BESC-378	0.61	1.82	32.33	1.75	19.93	19.81	71.99	229.42	6.31	1.7	2.32	1.3	1.05	24.09	-5.97	-0.52	2.31	12.16	-0.53	-0.09
BESC-379	0.61	1.74	36.4	1.55	19.22	19.17	85.47	243.53	4.81	1.75	1.06	0.93	0.99	26.03	-3.93	-0.44	1.76	11.98	-1.09	-0.28
BESC-38	0.61	1.85	33.73	1.48	18.92	18.87	88.08	221.3	5.29	1.77	1.56	0.55	0.78	23.0	-3.8	-0.36	1.79	11.28	-0.89	-0.13
BESC-380	0.61	1.83	31.08	1.5	18.99	18.68	69.54	201.04	5.41	1.79	1.0	1.23	0.97	19.49	-3.52	-0.73	2.24	9.64	-0.93	-0.23
BESC-381	0.61	1.73	34.39	1.93	18.32	18.34	82.47	197.66	5.56	1.8	1.0	0.61	1.0	17.11	-3.5	-0.61	2.55	9.64	-0.71	-1.07
BESC-385	0.61	1.81	29.41	1.63	20.05	18.45	83.9	160.73	4.69	1.73	1.55	0.56	0.83	17.88	-4.9	-0.44	1.79	6.42	-0.84	-1.02
BESC-386	0.61	1.86	32.87	1.42	19.49	19.51	63.13	208.04	5.98	1.76	0.91	1.28	0.98	23.62	-4.18	-0.27	1.77	10.68	-1.46	-0.43
BESC-387	0.61	1.87	37.4	1.21	18.51	18.7	78.37	210.38	4.56	1.79	0.72	0.65	0.98	18.23	-3.27	-0.29	1.51	11.14	-1.12	-1.04
BESC-388	0.61	1.9	34.83	1.57	19.58	18.35	71.08	155.65	4.23	1.74	0.3	1.37	1.08	14.09	-4.37	-0.7	2.18	5.53	-1.14	-1.09
BESC-389	0.61	1.77	38.56	1.33	18.56	19.0	81.45	250.28	5.46	1.76	1.13	1.27	1.05	24.22	-3.9	-0.23	2.0	12.35	-1.12	0.24
BESC-39	0.61	1.83	34.53	1.47	19.09	18.92	81.33	225.21	5.54	1.73	1.59	1.07	1.07	31.35	-4.18	-0.46	2.28	11.21	-1.43	0.51
BESC-391	0.61	1.81	33.04	1.59	19.09	19.05	78.7	243.7	6.4	1.74	2.22	0.68	1.03	26.27	-4.78	-0.41	1.81	12.36	-1.12	-0.02
BESC-392	0.61	1.75	28.79	1.66	19.89	18.84	78.44	174.22	5.2	1.68	2.14	0.99	1.05	20.82	-6.4	-0.48	2.52	7.81	-0.89	-0.95
BESC-393	0.61	1.85	32.91	1.59	19.53	19.76	86.24	201.62	6.5	1.8	1.93	1.01	1.06	30.05	-2.74	-0.61	2.06	9.06	-0.46	-0.6
BESC-394	0.61	1.82	36.48	1.61	20.34	20.46	82.86	253.51	6.63	1.76	2.01	1.14	1.01	33.01	-3.66	-0.44	2.05	13.5	-0.53	-0.29
BESC-395	0.61	1.89	30.91	1.66	20.17	19.33	87.57	216.04	6.27	1.71	1.73	0.9	1.03	26.59	-5.38	-0.59	2.93	10.92	-0.75	-0.24
BESC-396	0.61	1.79	29.8	1.71	19.58	18.81	73.67	210.27	5.2	1.71	1.78	1.01	1.06	15.53	-4.25	-0.75	2.43	10.15	-1.39	-0.55
BESC-397	0.61	1.84	34.09	1.65	19.18	19.35	84.31	230.06	5.25	1.72	1.67	0.79	0.99	24.12	-3.9	-0.32	1.96	11.89	-1.09	0.06
BESC-399	0.61	1.94	31.94	1.57	19.64	19.17	79.14	208.38	6.34	1.73	2.49	1.08	1.11	23.73	-5.43	-0.43	1.99	11.09	-1.12	0.05
BESC-40	0.61	1.86	30.7	1.42	19.13	18.62	68.3	181.76	4.99	1.7	1.59	1.55	1.19	23.72	-5.22	-0.24	1.91	8.3	-1.54	-0.78
BESC-401	0.61	1.85	29.41	1.49	18.08	17.85	85.52	154.84	4.38	1.74	1.36	0.9	0.98	19.43	-4.41	-0.66	2.46	6.4	-1.35	-0.56
BESC-402	0.61	1.82	30.29	1.59	19.59	19.16	88.98	180.16	6.33	1.72	2.51	0.55	0.88	20.88	-5.27	-0.64	2.38	8.49	-1.04	-0.44
BESC-404	0.61	1.88	33.9	1.76	19.25	19.28	68.29	201.99	5.96	1.69	2.28	0.75	0.98	21.36	-5.48	-0.77	2.27	9.8	-0.91	-0.3
BESC-405	0.61	1.87	34.9	1.45	19.04	19.65	79.42	283.2	5.16	1.78	1.12	1.28	0.92	21.69	-3.44	-0.18	2.37	15.91	-0.79	-0.34
BESC-406	0.61	1.82	32.76	1.65	18.95	18.88	78.79	191.05	5.61	1.72	1.73	0.54	0.99	19.25	-5.6	-0.43	2.07	9.6	-0.71	-0.78
BESC-41	0.61	1.81	38.64	1.26	19.05	19.38	79.69	267.95	5.54	1.77	0.88	0.92	0.99	23.15	-3.12	-0.52	2.82	14.11	-1.09	0.08
BESC-410	0.61	1.8	32.39	1.62	19.76	19.15	82.71	214.02	5.45	1.76	2.56	0.82	0.97	17.46	-4.99	-0.68	1.84	10.07	-1.5	-0.25
BESC-416	0.61	1.76	37.13	1.3	19.93	19.99	68.97	252.91	6.48	1.77	0.65	0.67	0.99	25.97	-2.93	-0.36	1.73	13.14	-1.46	0.01
BESC-417	0.61	1.83	36.68	1.66	19.44	19.2	64.34	215.15	4.82	1.79	1.08	-0.4	0.88	30.54	-2.45	-0.38	1.54	10.81	-1.35	-0.68
BESC-419	0.61	1.89	34.02	1.23	18.06	17.76	67.53	205.37	4.24	1.73	0.48	1.17	0.73	16.28	-3.9	-0.35	1.97	10.56	-1.46	-0.84
BESC-42	0.61	1.79	33.77	1.28	18.36	17.96	69.58	178.37	5.13	1.76	0.98	1.03	1.11	14.41	-2.56	-0.61	0.98	8.57	-1.5	-0.52
BESC-430	0.61	1.77	27.72	1.32	17.44	16.99	86.63	110.19	4.42	1.74	-0.17	0.89	0.98	10.26	-4.86	-1.0	2.32	4.24	-1.74	-1.18
BESC-432	0.61	1.85	31.73	1.68	19.87	20.24	79.47	221.55	6.46	1.78	2.19	1.07	1.03	26.51	-4.15	-0.7	1.93	11.35	-0.71	0.12
BESC-434	0.61	1.8	36.61	1.5	19.76	19.45	78.28	293.97	5.75	1.72	2.11	0.8	1.06	26.09	-3.82	-0.18	2.03	16.94	-1.26	-0.17
BESC-436	0.61	1.76	32.3	1.21	19.77	19.19	87.29	216.67	5.04	1.76	1.39	0.78	0.88	21.88	-5.08	-0.44	2.19	10.54	-1.54	-0.34
BESC-437	0.61	1.74	30.14	1.36	19.26	19.19	65.95	198.13	5.59	1.78	1.22	1.16	1.08	22.01	-4.15	-0.3	1.76	9.27	-1.2	0.0
BESC-438	0.61	1.77	35.22	1.63	18.8	18.64	76.69	193.59	5.47	1.73	1.59	1.07	0.99	17.29	-4.82	-0.32	1.49	9.41	-0.97	-0.84
BESC-440	0.61	1.72	37.51	1.58	19.68	19.18	78.61	235.75	5.78	1.75	1.4	0.84	1.01	24.49	-4.9	-0.43	2.12	11.94	-1.12	-0.15
BESC-444	0.61	1.85	33.84	1.5	19.23	19.31	74.5	210.41	5.37	1.74	1.85	0.83	1.09	25.0	-4.9	-0.24	2.07	9.98	-1.14	-0.36
BESC-446	0.61	1.79	34.28	1.46	18.73	18.53	82.62	201.38	4.51	1.74	1.6	1.12	0.99	28.0	-3.88	-0.59	2.21	8.95	-1.32	-0.78
BESC-448	0.61	1.82	32.57	1.64	19.75	19.5	78.93	203.02	6.05	1.69	2.28	0.87	0.97	19.25	-5.77	-0.44	1.8	9.75	-0.42	-0.16
BESC-45	0.61	1.79	32.69	1.61	19.23	18.73	89.61	199.06	5.44	1.78	1.1	0.95	0.99	19.98	-3.66	-0.5	2.22	9.6	-1.07	-0.6
BESC-450	0.61	1.88	33.63	1.59	19.81	19.42	74.04	223.27	5.83	1.71	1.75	1.22	1.05	22.28	-5.9	-0.46	2.16	11.61	-0.81	-0.18
BESC-451	0.61	1.72	32.28	1.54	19.0	18.35	77.58	173.93	5.33	1.71	1.95	0.85	1.07	18.76	-4.62	-0.33	1.57	7.29	-0.77	-0.43
BESC-453	0.61	1.78	33.76	1.66	18.49	19.19	90.0	237.17	5.48	1.71	1.29	0.89	1.05	23.82	-5.9	-0.64	2.59	11.94	-1.26	-0.32
BESC-454	0.61	1.68	31.85	1.75	19.35	19.44	70.9	218.99	6.3	1.77	2.92	0.53	0.98	22.65	-5.43	-0.41	1.66	11.56	-0.55	-0.15
BESC-455	0.61	1.84	37.59	1.41	18.97	18.65	79.56	222.43	4.52	1.74	1.15	1.19	0.9	27.98	-5.84	-0.7	2.61	10.99	-0.93	-0.82
BESC-456	0.61	1.82	32.5	1.64	19.3	19.69	66.59	188.35	6.11	1.81	1.69	1.32	0.98	23.5	-4.82	-0.68	1.02	8.25	-0.55	-0.46
BESC-457	0.61	1.68	34.4	1.46	18.18	18.1	79.11	178.86	4.82	1.83	0.2	1.02	0.98	23.11	-2.25	-0.43	1.95	8.57	-1.17	-0.97
BESC-459	0.61	1.77	33.79	1.57	19.05	18.95	79.49	258.02	5.6	1.75	2.17	0.75	1.0	23.54	-4.9	-0.27	2.01	14.38	-0.71	-0.38
BESC-465	0.61	1.81	35.57	1.57	19.77	19.22	76.46	210.53	5.24	1.79	1.69	0.93	0.98	21.41	-4.28	-0.29	2.09	9.86	-1.12	-0.55
BESC-466	0.61	1.83	37.88	1.41	19.91	19.31	76.57	252.27	5.26	1.76	0.99	1.11	0.98	26.76	-4.07	-0.52	2.22	12.44	-1.02	-0.22
BESC-467	0.61	1.78	31.38	1.44	19.23	18.76	73.09	187.2	5.16	1.75	1.01	1.34	1.03	18.04	-4.07	-0.5	1.84	8.8	-1.43	-0.6
BESC-468	0.61	1.79	34.77	1.51	18.8	19.16	84.69	218.57	5.83	1.77	1.14	0.86	0.93	19.2	-3.3	-0.53	2.56	12.15	-1.17	-0.63
BESC-469	0.61	1.84	31.87	1.52	19.32	19.12	83.76	221.62	5.45	1.72	2.16	0.52	0.94	19.3	-4.41	-0.64	2.27	11.05	-1.59	-0.13
BESC-47	0.61	1.88	34.83	1.49	19.69	18.96	66.43	230.75	5.53	1.75	1.85	0.89	0.99	15.72	-5.48	-0.57	1.6	11.16	-1.35	-0.15
BESC-470	0.61	1.88	37.37	1.49	18.99	19.03	81.67	222.95	6.03	1.8	1.24	1.26	1.02	20.09	-3.3	-0.35	2.33	11.45	-1.12	-0.6
BESC-51	0.61	1.8	37.36	1.57	19.51	19.63	71.79	221.36	6.09	1.71	1.41	0.77	1.01	23.39	-5.13	-0.36	1.66	11.23	-1.02	0.29
BESC-52	0.61	1.85	31.92	1.32	18.48	17.71	73.42	197.0	4.3	1.74	0.89	1.12	0.94	22.59	-2.89	-0.41	1.73	9.84	-1.17	-0.84
BESC-55	0.61	1.79	35.14	1.7	19.04	18.87	75.87	238.14	4.66	1.76	0.66	0.66	1.11	23.14	-3.63	-0.66	2.04	12.11	-1.32	-0.28
BESC-56	0.61	1.81	34.4	1.29	18.85	18.52	80.54	217.5	5.24	1.7	1.6	1.27	1.28	19.14	-5.84	-0.73	2.19	11.09	-1.59	-0.37
BESC-58	0.61	1.89	35.93	1.47	19.36	19.11	80.33	244.49	5.44	1.75	2.15	1.62	1.03	27.03	-4.78	-0.53	2.19	12.29	-0.58	0.21
BESC-60	0.61	1.79	32.54	1.41	18.83	18.61	82.1	225.3	5.09	1.76	0.92	1.27	1.04	24.04	-5.03	-0.48	2.03	11.14	-1.39	0.04
BESC-61	0.61	1.89	33.77	1.58	19.56	19.17	74.07	196.32	5.53	1.7	2.03	0.85	0.98	18.91	-6.04	-0.55	1.47	8.9	-0.91	-0.4
BESC-62	0.61	1.85	38.03	1.36	19.38	18.72	75.22	208.91	5.29	1.75	1.69	0.5	0.98	19.96	-5.38	-0.44	2.02	9.95	-1.35	-0.28
BESC-66	0.61	1.89	36.5	1.54	19.27	19.51	76.07	220.48	5.19	1.76	1.4	1.06	1.02	22.23	-3.98	-0.68	1.24	10.74	-0.93	-0.1
BESC-67	0.61	1.86	36.23	1.23	18.88	18.32	76.7	190.11	4.78	1.74	1.84	0.57	1.22	22.62	-3.61	-0.68	0.86	8.81	-1.43	-0.8
BESC-7	0.61	1.89	32.93	1.31	18.8	18.68	82.11	172.14	5.93	1.74	0.6	1.1	0.96	23.79	-4.51	-0.43	1.83	7.66	-1.29	-0.09
BESC-70	0.61	1.86	34.01	1.59	19.27	19.39	70.05	222.71	5.8	1.71	2.38	1.01	0.98	24.44	-5.84	-1.06	1.87	11.13	-0.97	-0.27
BESC-72	0.61	1.77	34.9	1.29	19.03	18.26	84.05	188.21	5.2	1.71	0.52	1.19	1.08	16.94	-3.75	-0.48	2.29	8.8	-1.32	-0.46
BESC-74	0.61	1.87	36.2	1.44	19.46	18.81	75.76	235.88	5.77	1.78	1.57	0.83	1.04	25.88	-4.34	-0.41	1.56	12.37	-1.17	-0.36
BESC-78	0.61	1.69	31.18	1.59	18.64	18.43	69.72	176.43	5.64	1.69	2.24	0.83	0.77	26.37	-5.65	-0.52	1.73	7.7	-1.29	-0.66
BESC-79	0.61	1.81	37.33	1.47	18.94	18.47	65.76	244.13	6.72	1.76	1.96	0.92	1.05	26.43	-4.04	-0.77	2.12	11.96	-1.07	-0.06
BESC-8	0.61	1.89	35.02	1.16	17.83	17.96	61.01	186.38	4.49	1.74	1.4	0.99	0.94	20.8	-4.31	-0.68	1.37	8.89	-1.74	-0.27
BESC-802	0.61	1.8	37.84	1.4	18.16	18.53	70.65	223.55	4.59	1.74	0.95	1.98	1.04	26.0	-4.86	-0.48	2.3	11.35	-0.91	-0.46
BESC-805	0.61	1.83	34.11	1.57	18.87	18.35	90.33	206.94	5.12	1.68	1.39	1.25	1.04	15.78	-6.18	-0.5	2.86	9.27	-1.43	-0.21
BESC-806	0.61	1.79	28.65	1.46	19.71	18.61	79.23	147.11	4.43	1.78	1.95	0.35	1.14	17.45	-3.3	-0.35	1.8	5.42	-1.26	-1.24
BESC-808	0.61	1.76	37.13	1.57	19.45	19.36	79.02	233.87	5.76	1.78	1.38	1.41	1.06	25.89	-3.54	-0.38	1.8	12.12	-1.14	0.16
BESC-81	0.61	1.82	32.01	1.61	17.92	18.04	70.84	200.32	4.91	1.69	1.72	1.46	0.97	22.47	-6.25	-0.73	1.86	9.11	-1.74	-0.55
BESC-810	0.61	1.82	33.73	1.46	19.64	18.56	72.45	167.33	5.18	1.82	0.6	0.88	0.95	22.44	-2.63	-0.57	2.01	7.38	-1.09	-1.27
BESC-814	0.61	1.83	39.7	1.47	19.41	19.69	78.84	257.95	5.25	1.73	1.67	1.12	1.0	21.35	-5.03	-0.43	2.09	14.23	-0.66	0.01
BESC-818	0.61	1.7	36.16	1.62	19.19	19.12	81.95	259.95	5.94	1.75	1.86	0.79	1.01	23.91	-4.74	-0.29	1.86	14.23	-1.46	0.13
BESC-821	0.61	1.8	31.13	1.63	19.01	19.05	79.13	216.61	6.0	1.71	1.98	1.04	0.96	22.98	-5.6	-0.61	2.14	11.41	-0.84	0.02
BESC-822	0.61	1.86	28.98	1.7	19.51	19.0	77.35	210.04	5.67	1.7	1.89	0.65	1.0	28.75	-5.43	-0.66	1.62	9.94	-0.97	-0.22
BESC-825	0.61	1.87	30.49	1.67	18.56	18.53	74.1	226.84	5.87	1.71	1.75	1.69	0.83	18.17	-6.18	-0.91	1.87	12.33	-1.32	-0.29
BESC-826	0.61	1.74	35.3	1.64	18.81	19.32	68.61	211.86	5.55	1.73	1.75	0.49	1.02	18.12	-5.32	-0.75	1.52	10.83	-0.93	-0.56
BESC-829	0.61	1.71	34.45	1.5	18.28	18.47	71.3	187.78	5.96	1.78	1.62	0.5	0.9	23.24	-4.37	-0.88	1.1	9.47	-0.56	-0.72
BESC-83	0.61	1.92	35.47	1.31	19.12	18.08	65.78	190.6	4.13	1.75	1.7	1.31	0.99	27.85	-5.27	-0.53	1.8	8.82	-0.93	-0.88
BESC-832	0.61	1.7	35.74	1.24	18.12	18.03	80.34	222.88	4.55	1.7	1.01	1.16	1.21	18.04	-5.84	-0.77	2.41	11.0	-1.07	-0.12
BESC-833	0.61	1.8	31.38	1.38	19.25	18.91	70.31	161.81	5.05	1.79	1.17	0.8	0.95	15.03	-4.48	-0.55	2.64	6.99	-1.46	-1.02
BESC-837	0.61	1.81	36.65	1.65	18.52	18.79	70.11	217.45	5.48	1.71	2.05	1.03	0.91	19.89	-4.34	-0.7	2.07	10.9	-1.14	-0.27
BESC-838	0.61	1.85	37.39	1.57	19.15	18.28	65.61	240.82	5.06	1.76	1.25	0.93	1.06	21.97	-5.22	-0.68	1.79	12.26	-1.26	-0.01
BESC-841	0.61	1.72	36.91	1.5	17.71	18.0	74.04	164.79	4.85	1.8	1.41	0.99	1.0	16.17	-3.19	-0.38	1.64	7.75	-0.99	-0.92
BESC-843	0.61	1.72	34.05	1.64	19.26	19.56	68.01	248.24	6.47	1.71	2.44	1.09	1.04	21.91	-6.57	-0.66	1.8	13.83	-0.39	0.27
BESC-844	0.61	1.73	37.4	1.45	18.85	19.32	83.13	205.57	5.48	1.75	1.93	1.1	0.98	20.45	-4.74	-0.55	2.36	10.25	-0.52	-0.52
BESC-845	0.61	1.85	36.51	1.43	19.38	19.61	80.97	250.11	5.1	1.7	1.62	0.98	0.99	24.67	-5.65	-0.29	1.87	13.54	-1.23	0.1
BESC-847	0.61	1.85	31.03	1.68	19.04	19.02	82.93	217.02	5.62	1.7	1.96	1.72	0.93	20.3	-6.18	-0.52	2.59	11.35	-0.91	-0.08
BESC-848	0.61	1.83	30.76	1.57	19.59	19.0	73.53	222.49	5.38	1.78	2.1	0.26	1.14	18.83	-3.4	-0.26	2.05	11.71	-1.12	-0.52
BESC-849	0.61	1.85	32.05	1.6	18.73	19.03	82.14	187.41	5.54	1.76	2.51	0.81	0.95	17.7	-5.6	-0.33	2.01	8.95	-1.23	-0.24
BESC-852	0.61	1.74	37.04	1.75	19.73	20.12	81.63	235.16	6.47	1.76	2.35	1.4	1.0	21.87	-5.08	-0.39	2.48	12.33	-0.7	0.02
BESC-855	0.61	1.69	30.38	1.41	18.61	18.51	72.99	186.74	6.01	1.76	0.85	0.79	0.98	19.85	-3.66	-0.68	2.04	8.87	-0.97	-0.44
BESC-856	0.61	1.72	36.73	1.44	19.31	19.26	83.35	231.27	6.42	1.81	1.44	1.05	0.99	23.52	-3.32	-0.41	2.6	11.52	-0.97	-0.49
BESC-858	0.61	1.86	37.35	1.45	19.64	19.36	83.55	274.49	5.6	1.76	1.93	1.19	0.99	25.32	-4.37	-0.26	2.33	15.2	-1.23	0.48
BESC-859	0.61	1.79	28.69	1.93	19.49	18.68	78.1	150.88	4.63	1.74	1.87	1.16	0.98	17.94	-4.7	-0.64	2.3	4.7	-0.91	-0.74
BESC-860	0.61	1.78	35.53	1.43	18.95	19.47	74.65	261.09	5.43	1.73	1.67	0.39	1.02	23.23	-4.86	-0.43	2.45	13.8	-0.97	-0.05
BESC-863	0.61	1.89	33.82	1.53	19.16	18.98	70.38	204.44	4.72	1.79	0.88	0.99	0.97	17.93	-2.46	-0.3	2.37	10.56	-1.39	-0.86
BESC-865	0.61	1.82	37.42	1.46	19.11	19.24	84.06	256.46	5.24	1.76	1.31	1.6	1.03	19.7	-4.41	-0.2	1.99	13.65	-1.26	-0.36
BESC-867	0.61	1.78	31.59	1.49	19.42	19.14	79.81	195.5	5.57	1.78	0.32	1.56	1.03	22.68	-3.18	-0.22	1.73	9.17	-1.14	-0.56
BESC-868	0.61	1.79	33.71	1.84	19.75	19.18	76.13	213.85	6.16	1.8	1.57	1.67	1.07	23.03	-4.41	-0.26	1.96	10.86	-0.75	-0.8
BESC-869	0.61	1.76	32.94	1.74	19.07	18.67	89.6	235.45	5.88	1.7	2.16	0.93	1.05	21.27	-6.33	-0.5	2.19	12.3	-0.81	-0.12
BESC-87	0.61	1.84	30.02	1.71	19.62	19.39	84.7	198.77	6.15	1.73	2.55	1.24	0.9	20.82	-4.86	-0.7	2.03	8.99	-0.89	-0.46
BESC-870	0.61	1.79	29.95	1.78	19.38	18.9	64.68	199.48	5.77	1.74	2.24	0.77	1.09	25.29	-4.7	-0.14	1.57	9.65	-0.66	-0.47
BESC-872	0.61	1.88	35.52	1.5	18.66	17.58	84.98	217.97	4.6	1.77	1.22	1.03	1.04	22.3	-4.28	-0.97	2.2	10.8	-0.79	-0.47
BESC-873	0.61	1.85	34.9	1.5	20.21	19.6	83.08	242.05	4.8	1.72	1.02	0.76	1.07	28.46	-5.48	-0.39	2.65	12.08	-1.14	-0.32
BESC-874	0.61	1.83	30.54	1.41	19.06	19.36	71.98	222.56	5.5	1.75	0.88	0.85	0.99	23.95	-4.44	-0.41	1.32	11.81	-1.59	-0.13
BESC-877	0.61	1.76	32.61	1.47	18.59	18.38	79.67	180.07	4.93	1.72	1.23	1.01	0.97	15.44	-5.54	-0.3	1.94	8.15	-0.95	-0.68
BESC-878	0.61	1.75	31.96	1.78	18.98	19.32	73.04	225.92	6.44	1.72	1.69	0.91	0.94	22.82	-5.27	-0.38	1.3	12.43	-0.89	-0.13
BESC-880	0.61	1.79	31.33	1.34	18.95	18.6	72.15	185.03	4.73	1.78	1.1	1.01	1.2	22.28	-3.5	-0.43	2.3	8.72	-1.14	-0.74
BESC-881	0.61	1.8	35.51	1.3	19.09	18.66	80.59	227.52	4.78	1.76	1.72	1.15	0.97	23.48	-4.62	-0.77	2.0	11.45	-0.93	-0.41
BESC-882	0.61	1.84	35.39	1.46	19.94	18.99	72.49	267.44	5.83	1.76	1.2	0.75	1.02	21.77	-4.99	-0.48	1.32	13.77	-1.04	-0.1
BESC-883	0.61	1.83	36.71	1.5	19.99	18.47	82.12	227.58	4.28	1.73	0.6	0.89	1.02	24.49	-5.32	-0.64	3.1	11.31	-0.81	-0.76
BESC-885	0.61	1.86	31.56	1.49	19.71	19.19	79.6	205.71	4.88	1.8	1.38	0.89	1.18	18.51	-4.25	-0.36	2.24	9.3	-1.29	-0.82
BESC-886	0.61	1.75	38.05	1.46	19.38	19.03	67.03	256.91	6.2	1.76	1.78	1.05	1.04	24.63	-4.04	-0.55	1.89	14.01	-0.73	-0.38
BESC-887	0.61	1.9	36.77	1.72	18.34	18.5	76.05	186.66	4.49	1.75	0.99	1.23	0.91	16.15	-3.8	-0.91	2.04	8.93	-0.77	-0.86
BESC-888	0.61	1.74	33.3	1.5	19.49	19.56	66.63	212.71	5.31	1.74	1.78	0.45	0.97	22.38	-4.18	-0.68	2.19	10.57	-0.91	-0.37
BESC-890	0.61	1.85	36.87	1.48	18.1	19.1	73.27	199.06	5.23	1.78	1.51	0.6	1.05	20.52	-4.9	-0.39	1.71	9.78	-0.77	-0.29
BESC-892	0.61	1.8	34.02	1.56	18.91	18.94	86.1	199.93	4.62	1.76	1.07	1.28	0.96	20.79	-4.07	-0.55	2.52	9.7	-0.93	-0.5
BESC-893	0.61	1.8	30.64	1.69	19.54	19.19	74.76	199.84	6.67	1.81	1.46	0.97	1.04	25.41	-3.59	-0.7	1.58	9.25	-0.93	-0.37
BESC-896	0.61	1.81	31.79	1.41	18.98	19.08	82.72	182.46	4.81	1.78	0.8	1.16	0.99	18.1	-3.85	-0.5	2.72	8.83	-1.23	-1.02
BESC-897	0.61	1.86	38.23	1.58	19.01	19.81	79.76	296.19	6.16	1.73	2.27	1.01	0.92	22.04	-4.9	-0.27	1.41	16.5	-0.99	0.39
BESC-898	0.61	1.81	35.04	1.43	19.07	19.32	75.74	255.32	5.64	1.77	0.92	0.85	1.03	25.58	-4.55	-0.5	2.33	13.85	-1.23	-0.06
BESC-9	0.61	1.91	37.19	1.41	18.84	19.31	85.38	226.88	5.16	1.74	2.07	0.92	1.05	22.08	-4.82	-0.59	1.64	11.23	-1.35	0.16
BESC-90	0.61	1.9	35.46	1.56	19.57	19.33	88.59	197.33	5.78	1.81	1.28	1.37	1.0	21.54	-3.27	-0.52	1.67	8.54	-1.59	-0.61
BESC-900	0.61	1.84	30.39	1.55	19.85	19.32	83.72	174.73	5.68	1.8	1.09	0.31	0.98	21.35	-3.06	-0.64	2.24	7.98	-1.32	-0.72
BESC-901	0.61	1.75	35.74	1.6	19.73	19.73	75.73	250.36	6.3	1.72	1.86	1.09	1.02	28.67	-4.7	-0.66	1.65	13.19	-0.49	-0.15
BESC-902	0.61	1.76	34.41	1.51	18.8	18.88	80.29	185.57	4.49	1.78	0.69	0.61	0.97	22.27	-2.71	-0.55	2.42	8.83	-1.04	-1.07
BESC-903	0.61	1.78	34.63	1.57	19.23	19.8	88.15	202.18	6.25	1.82	1.51	0.98	0.93	26.84	-3.57	-0.38	1.97	9.39	-0.97	-0.6
BESC-905	0.61	1.81	29.69	1.51	19.39	18.99	74.92	189.49	5.3	1.72	1.68	1.18	1.0	21.77	-6.18	-0.52	1.33	8.56	-1.29	-0.53
BESC-906	0.61	1.78	32.7	1.46	18.65	19.01	79.68	160.3	5.35	1.82	1.01	0.96	1.04	18.4	-3.18	-0.07	2.46	6.86	-1.23	-0.88
BESC-907	0.61	1.91	35.58	1.45	19.02	19.15	89.62	229.91	5.17	1.79	1.67	1.01	0.91	26.83	-3.34	-0.66	2.69	12.11	-1.23	-0.23
BESC-909	0.61	1.72	31.83	1.7	19.64	19.32	69.05	221.89	6.0	1.74	2.0	1.36	1.1	27.4	-4.37	-0.43	2.07	11.39	-0.7	-0.19
BESC-910	0.61	1.76	30.72	1.39	18.13	17.91	75.84	233.56	4.94	1.7	1.41	0.92	1.0	18.77	-5.22	-0.44	1.63	11.9	-1.5	-0.03
BESC-911	0.61	1.75	32.3	1.61	19.22	19.28	76.94	227.48	5.9	1.7	2.46	0.65	1.02	26.36	-5.84	-0.3	2.22	11.84	-0.95	-0.08
BESC-92	0.61	1.92	37.81	1.49	18.84	18.62	83.8	238.69	5.04	1.74	2.16	0.94	0.99	28.56	-4.15	-0.33	1.99	11.65	-1.09	-0.28
BESC-96	0.61	1.83	36.09	1.47	20.03	19.65	84.55	255.46	6.55	1.71	1.99	0.54	1.11	33.08	-5.17	-0.35	2.25	12.77	-0.91	0.28
BLCG-28-1	0.61	1.79	32.75	1.45	18.82	18.87	80.15	184.18	5.44	1.7	1.54	1.16	0.99	22.22	-5.77	-0.52	2.32	8.34	-0.87	-0.65
BLCG-28-3	0.61	1.72	35.24	1.58	19.41	19.33	62.55	230.34	6.67	1.74	2.19	1.41	1.04	29.68	-3.7	-0.38	0.77	11.87	-0.89	-0.17
CA-02-01	0.61	1.81	36.94	1.39	18.3	18.17	76.77	186.48	5.6	1.74	0.11	0.72	1.15	17.27	-3.85	-0.52	1.3	8.91	-1.69	-0.53
CA-03-01	0.61	1.83	33.83	1.34	19.6	18.92	78.75	207.83	6.12	1.77	0.67	0.77	0.94	22.13	-5.77	-0.66	1.89	10.61	-2.1	0.05
CA-04-04	0.61	1.85	41.34	1.35	20.75	19.94	72.77	229.2	5.83	1.76	2.79	1.09	0.98	22.77	-5.54	-0.27	1.23	11.05	-1.32	-0.32
CA-04-05	0.61	1.96	33.56	1.45	18.69	17.8	84.31	173.33	3.77	1.64	0.33	0.85	0.94	17.64	-6.04	-0.36	1.87	8.71	-1.93	-0.92
CA-05-01	0.61	1.94	30.55	1.98	18.54	18.56	68.98	165.04	5.81	1.75	0.76	0.65	1.06	18.55	-3.95	-0.66	1.7	7.59	-1.29	-0.43
CA-05-04	0.61	1.84	39.35	1.45	18.83	19.71	69.87	220.08	5.74	1.71	1.54	0.82	0.97	20.03	-4.94	-0.29	1.56	11.71	-0.79	-0.05
CHWH-27-1	0.61	1.86	35.63	1.35	18.91	18.91	73.11	230.2	4.76	1.72	1.51	0.9	1.03	19.51	-6.65	-0.46	1.58	11.61	-1.26	-0.4
CHWH-27-5	0.61	1.72	32.69	1.53	19.05	18.87	74.73	190.93	5.83	1.75	1.36	1.13	0.94	19.65	-4.09	-0.91	1.6	9.25	-1.35	-0.63
CHWJ-27-2	0.61	1.8	32.98	1.49	18.21	18.97	69.17	198.83	5.74	1.69	1.93	1.24	1.03	19.65	-6.83	-0.61	1.34	9.69	-0.71	-0.05
CHWK-27-3	0.61	1.73	32.73	1.37	18.15	18.61	73.16	157.64	5.15	1.78	1.01	0.93	1.06	17.56	-4.09	-0.44	2.36	6.91	-1.02	-0.66
CMBF-28-1	0.61	1.81	37.15	1.45	19.17	19.44	76.96	230.46	5.12	1.73	1.77	1.27	1.01	20.31	-4.86	-0.83	2.56	11.43	-0.87	-0.24
CMBF-28-3	0.61	1.82	36.3	1.48	19.51	19.56	79.2	243.58	5.23	1.74	1.96	1.09	1.2	26.59	-4.86	-0.19	2.07	13.16	-0.95	0.29
CMBF-28-4	0.61	1.77	33.38	1.53	19.39	19.08	89.41	185.91	5.38	1.76	1.88	1.31	0.96	22.41	-5.08	-0.7	2.89	7.98	-0.81	-0.29
CNYH-28-2	0.61	1.82	30.48	1.64	19.72	19.53	79.04	218.81	5.11	1.72	1.95	1.53	1.08	25.46	-4.51	-0.59	2.7	11.47	-1.23	-0.08
CNYH-28-3	0.61	1.77	33.94	1.46	19.07	18.78	89.48	229.31	5.44	1.7	1.98	0.74	1.08	18.99	-4.7	-0.52	2.69	11.17	-1.29	-0.15
CNYH-28-4	0.61	1.78	31.52	1.64	19.79	19.64	66.77	223.17	5.85	1.72	2.72	0.94	1.11	24.94	-5.65	-0.48	2.88	11.35	-0.75	-0.28
DENA-17-4	0.61	1.72	37.15	1.64	18.29	17.95	82.85	200.96	5.04	1.68	2.1	1.55	1.01	18.78	-4.86	-0.46	2.19	9.05	-1.35	-0.56
DENB-17-1	0.61	1.82	30.03	1.43	19.48	19.71	72.02	166.01	5.58	1.72	1.98	0.58	1.12	24.85	-4.78	-0.26	1.76	6.89	-0.33	-0.5
DENB-17-3	0.61	1.85	34.17	1.18	18.89	19.02	78.11	230.37	4.67	1.71	1.05	0.94	1.09	22.22	-3.9	-0.61	2.64	11.84	-1.09	-0.22
DENB-17-5	0.61	1.8	34.24	1.79	19.03	19.47	77.93	209.04	5.93	1.72	2.48	1.01	1.04	17.67	-5.22	-0.46	1.6	9.85	-0.81	0.11
DENC-17-4	0.61	1.81	34.97	1.18	18.97	18.47	77.98	204.66	5.72	1.73	0.82	1.16	1.05	19.28	-5.27	-0.7	1.81	8.67	-1.12	0.74
DEND-17-1	0.61	1.8	33.12	1.47	19.14	18.73	79.7	195.89	5.77	1.71	1.45	1.23	0.93	22.48	-5.13	-0.53	2.34	9.08	-1.02	-0.5
DEND-17-4	0.61	1.84	35.23	1.62	19.49	19.91	89.26	231.18	6.27	1.77	2.32	0.97	0.99	26.46	-4.51	-0.66	2.6	11.92	-0.48	-0.23
FNYI-28-4	0.61	1.89	29.01	1.31	18.57	17.49	81.28	145.05	3.87	1.73	1.12	0.85	1.01	16.26	-4.18	-0.46	1.82	5.85	-1.07	-1.04
GLCB-26-1	0.61	1.88	27.17	1.54	18.82	18.49	86.23	166.2	4.83	1.68	2.26	0.84	1.02	21.3	-5.97	-0.64	2.61	7.5	-1.09	-0.7
GW-10956	0.61	1.85	35.66	1.58	19.64	18.94	78.83	197.27	7.11	1.79	1.81	0.86	1.04	27.59	-3.23	-0.23	2.1	10.13	-0.79	0.53
GW-10957	0.61	1.87	31.58	1.67	19.42	18.95	81.86	177.86	5.64	1.76	2.04	0.38	0.92	26.03	-4.7	-0.64	1.62	8.47	-0.97	-0.49
GW-10958	0.61	1.79	30.11	1.51	19.52	19.05	73.17	218.69	6.01	1.71	2.3	1.31	0.87	24.04	-5.77	-0.3	1.72	11.03	-1.09	0.46
GW-10982	0.61	1.84	35.78	1.35	19.13	18.89	74.37	227.78	5.33	1.78	1.05	0.17	0.93	20.15	-3.88	-0.61	1.76	11.62	-1.39	0.26
GW-10983	0.61	1.74	25.61	1.37	18.16	17.23	73.11	166.66	4.29	1.73	0.54	1.06	0.75	18.3	-5.27	-0.64	1.53	7.56	-1.64	-0.97
GW-10984	0.61	1.83	32.04	1.69	18.39	18.8	65.89	208.76	5.61	1.71	1.94	0.82	0.97	16.06	-6.18	-0.61	1.37	10.78	-1.02	-0.41
GW-10987	0.61	1.76	31.53	1.35	17.92	17.55	77.91	189.09	4.35	1.77	0.31	1.32	1.15	16.35	-3.7	-0.46	2.55	9.41	-1.26	-0.92
GW-10989	0.61	1.87	34.45	1.53	19.2	19.07	75.72	214.85	5.18	1.71	1.7	0.56	1.1	16.18	-5.08	-0.41	2.3	10.34	-1.04	-0.41
GW-10992	0.61	1.83	30.65	1.6	18.27	18.09	86.88	154.14	5.2	1.71	1.73	0.47	0.93	21.86	-4.58	-0.77	2.79	6.99	-0.73	-0.72
GW-10993	0.61	1.86	38.59	1.66	20.53	20.11	73.17	204.54	6.08	1.79	2.54	0.53	0.97	26.34	-2.78	-0.5	1.63	9.71	-0.95	-0.36
GW-10995	0.61	1.92	36.53	1.53	20.71	18.94	76.24	215.07	4.77	1.77	0.7	0.97	1.04	21.36	-4.51	-0.53	1.89	9.82	-1.04	-0.46
GW-10997	0.61	1.73	28.57	1.72	18.21	17.84	82.04	166.28	5.04	1.69	1.14	0.55	1.0	16.47	-5.9	-0.85	1.94	8.14	-1.04	-1.07
GW-10999	0.61	1.69	34.02	1.43	19.97	19.42	83.76	225.76	6.19	1.79	0.64	0.04	0.93	24.07	-3.14	-0.39	2.3	11.76	-1.26	-0.15
GW-11001	0.61	1.97	33.79	1.43	19.16	18.7	74.02	214.49	4.9	1.76	1.48	1.28	0.98	18.44	-3.68	-0.73	1.76	10.77	-1.59	-0.22
GW-11011	0.61	1.8	35.28	1.36	19.68	19.1	82.69	226.19	5.57	1.7	1.27	0.83	0.87	20.79	-5.84	-0.73	2.04	12.58	-0.87	0.0
GW-11012	0.61	1.75	29.89	1.56	18.88	19.55	73.68	208.46	6.48	1.7	1.89	0.96	1.04	23.78	-5.54	-0.52	1.18	10.67	-0.63	0.33
GW-11014	0.61	1.76	29.89	1.32	18.46	18.14	85.4	167.28	5.32	1.74	0.4	0.54	0.99	19.67	-4.01	-0.33	2.26	7.72	-1.07	-0.78
GW-11015	0.61	1.78	34.4	1.67	20.02	20.0	77.76	256.08	7.07	1.73	2.58	1.19	0.95	27.8	-5.32	-0.38	1.68	14.48	-0.43	0.36
GW-11019	0.61	1.84	34.08	1.47	19.36	19.44	83.06	204.77	5.96	1.74	0.96	1.27	0.92	27.29	-4.48	-0.48	2.23	9.31	-1.14	0.04
GW-11021	0.61	1.84	34.67	1.35	20.07	18.72	77.28	213.42	5.15	1.77	1.06	1.34	1.19	22.97	-2.79	-0.44	1.84	10.15	-1.32	-0.38
GW-11024	0.61	1.75	31.13	1.45	19.07	18.88	76.9	185.32	5.27	1.69	0.65	0.54	0.95	15.81	-4.66	-0.32	2.09	8.83	-1.29	-0.68
GW-11025	0.61	1.74	37.32	1.43	19.49	19.05	80.44	256.55	5.28	1.75	1.8	0.57	1.0	27.48	-4.74	-0.66	2.09	13.31	-1.29	-0.22
GW-11027	0.61	1.72	33.45	1.78	18.77	18.98	93.15	219.79	5.71	1.69	2.29	1.17	0.96	18.77	-5.54	-0.55	2.81	12.27	-0.87	-0.36
GW-11032	0.61	1.75	30.88	1.49	19.84	19.48	83.38	227.49	5.34	1.72	1.99	1.15	1.19	23.32	-4.12	-0.41	2.17	12.12	-1.39	-0.29
GW-11033	0.61	1.79	34.15	1.46	19.49	19.95	78.59	207.03	5.95	1.77	0.88	1.61	1.06	24.29	-3.3	-0.55	1.58	10.7	-1.12	-0.41
GW-11034	0.61	1.89	30.46	1.4	18.78	18.16	78.6	173.42	4.79	1.7	1.08	1.14	1.07	22.42	-3.5	-0.41	2.09	8.15	-1.54	-0.6
GW-11037	0.61	1.81	28.8	1.42	18.83	18.56	86.33	172.08	6.0	1.78	1.1	0.33	1.0	24.15	-2.8	-0.61	2.34	8.02	-1.43	-0.38
GW-11038	0.61	1.77	35.03	1.6	19.72	19.71	102.12	252.7	6.57	1.71	2.45	1.13	0.93	25.19	-5.17	-0.64	2.95	13.69	-0.97	0.26
GW-11041	0.61	1.85	27.59	1.54	19.59	19.55	99.16	161.16	6.06	1.71	2.23	0.26	1.02	25.99	-4.86	-0.27	3.52	6.21	-1.07	-0.34
GW-11042	0.61	1.95	32.45	1.7	20.06	19.48	82.38	201.05	5.7	1.74	2.84	1.05	0.93	21.33	-3.61	-0.24	2.18	8.7	-1.17	-0.1
GW-11044	0.61	1.89	31.35	1.6	19.33	18.68	79.5	190.46	6.35	1.72	2.01	0.7	1.13	25.93	-5.22	-0.46	1.26	8.37	-1.39	0.03
GW-11046	0.61	1.76	29.75	1.32	18.31	18.43	86.55	156.09	5.38	1.81	0.5	1.11	0.9	18.15	-3.4	-0.57	2.57	6.29	-1.5	-0.95
GW-11047	0.61	1.87	32.38	1.38	19.6	19.19	82.52	209.82	6.06	1.81	1.59	0.8	1.02	27.73	-2.87	-0.55	1.56	10.15	-1.86	-0.01
GW-11048	0.61	1.79	28.37	1.32	18.85	18.73	92.36	188.46	5.88	1.79	0.55	1.14	0.97	20.19	-3.3	-0.5	2.17	8.48	-1.5	-0.58
GW-11051	0.61	1.87	34.56	1.71	19.3	20.22	87.36	208.03	5.74	1.74	1.94	0.72	1.02	23.46	-5.84	-0.97	1.78	9.62	-1.29	-0.44
GW-11052	0.61	1.83	28.78	1.36	18.79	18.25	83.79	144.05	4.93	1.75	1.19	1.05	0.97	22.54	-3.14	-0.85	2.92	5.0	-1.35	-1.18
GW-11053	0.61	1.86	31.6	1.48	19.07	18.8	95.47	221.57	5.57	1.7	2.04	0.85	1.01	18.66	-5.54	-0.14	2.03	11.61	-1.07	0.13
GW-11054	0.61	1.84	29.79	1.55	18.97	18.34	70.85	156.51	5.86	1.73	0.97	1.24	0.96	17.3	-3.98	-0.75	1.83	6.66	-1.26	-0.84
GW-4579	0.61	2.03	36.33	1.38	18.8	18.83	79.66	232.46	5.3	1.76	2.23	0.69	0.94	19.1	-5.03	-0.83	2.12	11.49	-1.04	-0.06
GW-7976	0.61	1.82	31.01	1.31	19.03	18.16	79.85	236.27	5.35	1.71	1.24	0.89	0.87	18.7	-5.71	-0.33	1.63	11.78	-1.43	0.11
GW-7978	0.61	1.88	37.04	1.41	19.33	18.93	75.65	237.07	5.13	1.75	1.39	1.29	1.15	25.59	-4.78	-0.75	2.09	11.83	-1.32	-0.21
GW-7979	0.61	1.84	32.83	1.61	18.42	18.07	70.37	194.98	6.02	1.76	1.92	1.49	0.96	29.75	-3.06	-0.33	1.48	8.97	-0.52	-0.55
GW-7981	0.61	1.85	34.47	1.53	18.67	18.32	71.45	224.7	4.75	1.79	1.31	1.58	1.11	22.94	-3.23	-0.33	2.03	11.25	-1.2	-0.53
GW-7982	0.61	1.83	36.28	1.51	17.97	18.78	86.15	195.45	6.52	1.82	1.86	0.91	1.02	21.1	-4.74	-0.61	2.31	9.32	-0.91	-0.32
GW-7986	0.61	1.81	32.62	1.41	19.21	18.6	78.7	184.18	4.95	1.77	1.95	0.75	1.02	24.09	-3.5	-0.41	1.72	8.54	-1.32	-0.66
GW-7990	0.61	1.86	35.16	1.43	18.31	18.13	83.15	192.0	6.24	1.79	1.56	1.37	0.99	23.3	-3.16	-0.59	2.43	9.36	-1.39	-0.53
GW-7992	0.61	1.84	37.39	1.62	19.84	19.65	75.29	254.67	5.67	1.74	2.17	1.12	0.98	24.1	-5.22	-0.39	1.8	12.3	-1.43	0.29
GW-7993	0.61	1.96	34.37	1.23	19.86	18.85	92.04	183.13	4.64	1.79	2.05	1.04	1.18	20.28	-3.85	-0.59	1.84	8.54	-1.69	-0.76
GW-7994	0.61	1.71	29.42	1.34	19.86	19.1	89.14	197.94	5.89	1.77	1.04	1.47	1.02	23.14	-5.54	-0.14	2.46	8.91	-1.26	-0.55
GW-7996	0.61	1.77	33.45	1.54	19.15	18.86	75.61	205.45	6.37	1.76	1.69	0.99	1.08	21.72	-4.66	-0.57	1.71	9.72	-1.09	-0.52
GW-9577	0.61	1.82	34.14	1.73	19.0	19.49	84.53	216.19	6.17	1.7	2.79	1.31	1.01	20.61	-6.48	-0.04	2.0	11.44	-0.87	0.13
GW-9578	0.61	1.79	30.66	1.72	19.62	19.49	70.69	201.58	6.31	1.72	2.18	1.94	1.02	24.55	-5.97	-0.41	1.9	9.98	-0.73	0.03
GW-9580	0.61	1.76	38.56	1.48	18.65	18.97	73.93	266.85	4.94	1.73	1.28	1.08	1.19	27.66	-4.78	-0.3	2.02	14.41	-1.29	-0.15
GW-9582	0.61	1.72	35.3	1.61	18.85	19.0	76.12	229.56	5.78	1.73	1.49	0.18	1.07	22.29	-6.25	-0.52	1.67	11.98	-1.2	-0.14
GW-9585	0.61	1.84	35.03	1.34	19.4	19.82	77.29	228.16	5.7	1.77	1.74	1.34	1.02	30.92	-3.82	-0.01	1.94	12.3	-1.07	0.36
GW-9587	0.61	1.78	31.98	1.63	19.29	18.75	78.43	189.31	5.54	1.69	2.84	1.05	1.09	19.6	-6.11	-0.57	2.43	8.6	-1.39	-0.55
GW-9588	0.61	1.8	33.57	1.68	19.33	18.86	90.88	213.91	5.74	1.77	1.84	1.11	0.99	22.93	-4.86	-0.94	2.99	11.47	-1.29	0.08
GW-9591	0.61	1.88	27.82	1.46	19.83	19.12	87.22	153.21	4.98	1.72	2.07	1.31	1.06	20.44	-5.13	-0.39	1.23	5.95	-1.74	-0.58
GW-9594	0.61	1.87	26.74	1.49	19.29	18.61	82.18	155.58	4.94	1.77	0.39	0.67	0.96	20.55	-3.68	-0.61	1.43	6.65	-1.14	-1.27
GW-9595	0.61	1.82	34.14	1.71	20.71	19.75	74.5	213.34	6.14	1.74	2.23	1.22	0.96	23.66	-5.43	-0.61	2.05	10.56	-0.84	-0.23
GW-9756	0.61	1.81	34.22	1.36	18.59	18.73	78.28	215.87	4.51	1.74	1.14	0.35	1.03	22.83	-5.03	-0.73	2.45	10.74	-1.29	-0.41
GW-9758	0.61	1.73	34.58	1.27	18.73	18.69	59.07	228.6	4.89	1.75	1.7	1.15	0.93	22.73	-4.44	-0.68	1.24	11.88	-1.29	-0.13
GW-9759	0.61	1.79	35.55	1.58	18.54	18.77	71.56	223.53	4.93	1.77	1.35	0.98	1.05	20.21	-4.01	-0.59	1.76	11.1	-0.48	-0.63
GW-9760	0.61	1.71	31.2	1.13	18.55	18.48	88.45	188.23	4.72	1.75	1.62	0.8	1.01	21.13	-3.95	-0.75	2.44	9.23	-1.29	-0.8
GW-9761	0.61	1.87	32.57	1.65	20.33	20.22	80.35	203.17	6.44	1.74	3.02	0.7	0.91	24.81	-4.18	-0.52	2.04	9.46	-0.63	-0.16
GW-9762	0.61	1.8	31.32	1.52	19.1	18.75	80.5	190.27	5.83	1.76	0.43	0.61	0.82	20.24	-4.21	-0.44	2.14	9.34	-1.07	-0.76
GW-9768	0.61	1.74	34.54	1.76	20.06	20.32	85.91	252.66	6.62	1.77	2.47	1.12	0.99	25.04	-3.85	-0.41	1.61	13.54	-0.5	0.28
GW-9771	0.61	1.77	29.23	1.41	18.96	19.23	73.77	181.82	5.12	1.75	0.97	0.41	1.15	20.07	-3.75	-0.41	1.67	8.7	-1.14	-0.7
GW-9772	0.61	1.9	35.58	1.44	18.53	18.06	71.85	218.57	4.73	1.72	0.84	0.66	1.07	19.64	-4.86	-0.55	1.94	11.1	-0.55	-0.61
GW-9773	0.61	1.72	32.73	1.35	18.21	17.72	73.64	186.15	5.37	1.8	0.71	1.07	1.03	13.13	-3.11	-0.83	1.43	9.11	-1.43	-0.9
GW-9774	0.61	1.71	28.95	1.38	18.22	18.66	83.28	188.21	5.46	1.79	0.75	0.83	1.05	16.63	-4.09	-0.59	2.13	8.24	-1.46	-0.46
GW-9775	0.61	1.84	30.47	1.62	19.5	18.88	75.88	213.68	5.85	1.72	2.27	1.19	1.01	25.4	-4.74	-0.5	2.06	11.44	-0.95	-0.37
GW-9776	0.61	1.74	33.58	1.24	19.27	18.89	83.81	238.02	5.15	1.79	0.87	1.0	0.97	23.53	-3.77	-0.66	2.35	12.16	-1.74	-0.5
GW-9777	0.61	1.89	28.53	1.36	18.86	18.62	91.03	193.98	5.6	1.76	0.98	1.05	1.02	21.44	-4.04	-0.68	2.59	9.01	-1.29	-0.14
GW-9780	0.61	1.83	34.02	1.75	20.21	20.2	76.01	235.41	6.51	1.76	2.44	1.02	1.02	29.3	-4.55	-0.44	2.0	12.31	-0.41	-0.01
GW-9781	0.61	1.82	32.46	1.59	19.33	19.01	78.22	189.16	5.87	1.75	1.83	0.88	1.01	23.45	-5.13	-0.68	1.57	9.16	-1.17	-0.86
GW-9784	0.61	1.88	32.87	1.65	19.01	19.24	78.07	183.47	4.93	1.79	1.38	0.88	0.96	22.74	-3.11	-0.39	2.46	8.86	-1.43	-0.58
GW-9785	0.61	1.75	37.49	1.47	19.33	19.32	79.85	253.94	5.33	1.72	1.8	1.17	1.01	20.6	-5.77	-0.43	2.19	12.98	-1.12	-0.14
GW-9786	0.61	1.74	31.44	1.65	19.35	18.58	86.73	182.11	5.43	1.76	1.51	1.24	0.98	19.84	-4.66	-0.64	2.02	8.49	-0.42	-0.8
GW-9794	0.61	1.81	31.87	1.48	19.59	19.25	84.86	225.51	5.25	1.77	1.46	1.42	1.02	21.12	-4.74	-0.26	2.39	10.83	-0.93	-0.17
GW-9796	0.61	1.79	29.52	1.49	18.87	18.18	83.04	180.71	5.19	1.75	2.15	0.94	0.97	19.3	-4.18	-0.66	2.2	8.6	-1.46	-0.32
GW-9797	0.61	1.8	31.42	1.52	19.72	19.31	72.65	212.71	5.08	1.81	1.65	0.69	0.98	21.77	-4.18	-0.46	2.09	9.92	-0.81	-0.61
GW-9798	0.61	1.84	35.8	1.5	18.61	19.31	73.34	257.59	4.68	1.71	1.8	0.47	1.01	31.26	-4.51	-0.35	2.02	13.81	-1.2	-0.4
GW-9803	0.61	1.88	36.1	1.42	19.3	18.52	69.91	232.53	4.83	1.75	1.89	1.17	0.88	23.91	-4.41	-0.3	1.87	11.72	-1.09	-0.3
GW-9804	0.61	1.9	37.09	1.57	19.3	18.5	83.82	247.62	5.19	1.76	1.94	0.8	1.01	24.68	-4.31	-0.44	2.52	12.53	-0.71	0.18
GW-9805	0.61	1.83	30.58	1.64	19.24	19.23	87.47	206.79	5.57	1.79	2.08	0.72	0.93	19.87	-3.46	-0.77	1.5	9.67	-1.07	-0.23
GW-9809	0.61	1.78	33.42	1.46	19.66	19.6	79.32	170.91	5.54	1.77	0.83	0.63	0.99	22.64	-4.41	-0.46	1.36	7.05	-1.59	-0.65
GW-9812	0.61	1.78	32.28	1.52	18.76	18.21	84.62	161.97	5.67	1.8	0.58	1.1	0.92	17.19	-2.67	-0.8	2.2	7.17	-1.35	-0.97
GW-9814	0.61	1.78	34.55	1.42	19.65	19.16	68.81	228.22	5.34	1.72	1.79	0.93	0.97	23.6	-5.48	-0.38	1.76	11.38	-1.39	-0.29
GW-9820	0.61	1.8	35.47	1.58	18.87	18.29	74.67	206.91	5.88	1.75	1.65	1.34	0.98	21.83	-3.93	-0.66	2.08	10.8	-0.77	-0.21
GW-9821	0.61	1.79	34.92	1.41	19.38	19.08	79.05	269.44	5.44	1.75	0.91	0.9	1.01	22.49	-5.08	-0.33	2.52	13.76	-1.23	0.13
GW-9823	0.61	1.83	34.01	1.5	19.14	20.2	67.18	239.02	6.53	1.83	1.46	1.03	0.93	25.5	-2.9	-0.5	2.6	11.79	-0.42	-0.43
GW-9829	0.61	1.73	35.01	1.34	18.21	18.03	81.12	194.3	4.52	1.72	0.99	0.83	1.11	21.49	-4.12	-0.46	1.29	9.39	-0.97	-0.56
GW-9830	0.61	1.76	32.04	1.43	18.45	18.36	85.52	174.05	5.51	1.78	0.85	1.11	0.99	23.44	-3.68	-0.61	2.42	7.71	-1.46	-0.56
GW-9831	0.61	1.86	32.9	1.48	19.28	19.01	74.89	252.55	5.71	1.74	1.88	0.47	1.03	24.18	-4.82	-0.22	2.09	13.83	-1.64	0.19
GW-9832	0.61	1.82	34.46	1.55	19.11	18.92	80.53	199.41	6.01	1.77	1.11	0.57	1.03	23.56	-3.93	-0.27	2.71	10.07	-1.54	-0.23
GW-9833	0.61	1.81	34.42	1.5	19.79	19.37	80.03	221.33	5.04	1.74	1.49	0.6	0.94	18.82	-5.43	-0.77	1.94	10.97	-1.14	-0.38
GW-9834	0.61	1.82	30.75	1.6	19.06	18.61	74.22	184.44	5.12	1.73	1.4	0.68	0.97	19.02	-4.7	-0.7	2.34	8.78	-1.14	-0.82
GW-9838	0.61	1.79	32.42	1.46	18.52	18.41	81.23	194.37	5.11	1.69	2.29	0.7	0.9	18.63	-5.32	-0.35	2.09	9.13	-1.35	-0.22
GW-9846	0.61	1.65	32.19	1.52	19.3	19.07	76.42	242.41	6.18	1.71	1.19	0.83	0.87	25.27	-5.03	-0.33	1.94	12.61	-0.42	-0.24
GW-9847	0.61	1.87	32.46	1.51	19.37	18.7	72.29	181.98	5.49	1.82	0.7	1.14	0.98	23.9	-2.64	-0.23	1.94	8.56	-0.95	-0.95
GW-9848	0.61	1.74	33.26	1.44	18.84	18.34	88.24	206.45	4.77	1.75	0.68	0.91	1.03	15.0	-4.04	-0.66	2.11	9.79	-1.07	-0.41
GW-9850	0.61	1.83	29.6	1.48	18.51	18.18	72.98	182.9	4.62	1.73	0.86	1.05	0.9	19.78	-3.38	-0.39	1.73	8.25	-1.2	-0.46
GW-9851	0.61	1.85	30.07	1.5	18.47	17.86	80.81	189.6	5.18	1.66	1.83	1.79	0.99	19.63	-6.25	-0.57	1.7	8.77	-1.46	-0.56
GW-9852	0.61	1.83	36.47	1.51	19.85	18.89	74.78	230.59	4.84	1.76	0.83	1.07	0.94	24.45	-3.68	-0.33	2.15	11.1	-1.69	-0.74
GW-9853	0.61	1.78	35.44	1.54	19.34	19.72	63.25	224.93	4.51	1.79	1.26	1.24	1.04	22.58	-4.01	-0.48	1.59	11.44	-1.39	-0.56
GW-9854	0.61	1.81	33.97	1.39	17.94	17.68	75.41	177.57	4.8	1.78	1.44	1.41	1.05	18.07	-3.54	-0.75	1.54	7.94	-1.04	-0.65
GW-9857	0.61	1.78	32.16	1.41	19.21	18.83	77.35	235.91	5.55	1.79	1.1	0.35	1.07	21.14	-3.73	-0.05	2.12	12.21	-1.64	-0.68
GW-9858	0.61	1.77	32.97	1.67	18.85	18.73	89.3	214.15	5.18	1.69	1.55	0.09	0.99	16.46	-5.84	-0.64	2.28	10.86	-1.23	-0.22
GW-9860	0.61	1.81	31.43	1.69	19.81	19.77	78.52	228.86	6.14	1.71	2.24	1.34	0.92	25.92	-5.43	-0.43	2.58	12.0	-0.52	-0.27
GW-9862	0.61	1.76	33.66	1.43	19.15	19.23	68.92	213.97	5.51	1.7	1.88	1.16	1.08	26.98	-4.58	-0.48	1.62	11.14	-0.84	-0.24
GW-9863	0.61	1.86	33.17	1.65	18.49	18.08	78.95	187.74	4.18	1.75	0.46	0.34	0.95	17.54	-3.8	-0.85	1.48	8.53	-1.43	-0.88
GW-9864	0.61	1.78	31.64	1.52	19.37	18.78	73.48	162.98	6.01	1.81	0.91	1.43	0.99	20.52	-2.99	-0.33	2.19	6.51	-0.7	-0.88
GW-9865	0.61	1.81	32.62	1.45	18.24	18.25	78.69	185.34	5.78	1.76	0.96	1.09	1.04	18.2	-4.28	-0.57	1.95	8.46	-0.97	-0.8
GW-9869	0.61	1.88	44.72	1.54	19.98	20.28	64.83	324.46	5.85	1.76	2.14	0.3	1.01	28.34	-4.94	-0.08	2.09	18.0	-0.87	0.1
GW-9871	0.61	1.72	34.71	1.35	17.54	18.03	80.31	200.94	4.68	1.74	1.62	2.29	0.93	18.45	-4.62	-0.55	1.95	10.39	-0.84	-0.58
GW-9875	0.61	1.75	28.54	1.61	18.89	18.49	68.63	152.16	5.65	1.77	0.84	0.92	1.07	16.65	-2.9	-0.7	1.95	6.7	-1.12	-0.95
GW-9878	0.61	1.84	38.06	1.62	19.31	18.91	89.12	281.67	5.94	1.71	1.62	1.06	1.01	24.39	-5.65	-0.22	2.7	14.48	-0.73	0.1
GW-9880	0.61	1.83	32.93	1.63	19.65	19.48	73.15	207.74	5.12	1.78	1.96	0.75	1.08	24.57	-4.37	-0.26	1.59	10.35	-0.93	0.13
GW-9882	0.61	1.78	29.48	1.43	18.47	17.91	63.08	154.84	5.21	1.77	0.56	1.11	1.0	18.34	-3.38	-0.85	1.88	6.91	-1.35	-0.99
GW-9884	0.61	1.83	37.27	1.59	18.34	18.66	84.02	203.76	4.81	1.78	0.64	1.09	0.93	16.09	-4.55	-0.64	2.43	10.08	-1.07	0.11
GW-9885	0.61	1.82	31.05	1.52	19.54	18.76	72.24	181.31	5.6	1.72	1.41	0.59	1.01	23.09	-4.28	-0.53	2.36	7.93	-0.97	-0.47
GW-9886	0.61	1.81	36.76	1.72	19.06	18.72	79.72	198.14	5.12	1.7	1.46	0.94	0.95	14.5	-5.65	-0.55	2.14	8.32	-0.95	-0.27
GW-9887	0.61	1.8	33.46	1.64	19.54	19.77	75.16	255.56	6.51	1.7	1.76	0.69	0.99	32.24	-6.11	-0.36	2.18	14.12	-0.46	0.48
GW-9889	0.61	1.73	37.12	1.67	19.03	19.46	84.55	247.24	6.07	1.75	2.05	1.18	0.99	20.52	-4.94	-0.29	2.43	13.42	-1.07	-0.15
GW-9890	0.61	1.87	31.75	1.51	19.56	20.08	83.62	218.67	6.34	1.76	1.56	0.75	0.99	23.6	-3.32	-0.26	1.61	11.26	-1.12	0.05
GW-9892	0.61	1.73	30.95	1.63	19.06	18.8	85.33	191.24	5.88	1.77	1.39	0.61	1.05	19.37	-3.73	-0.8	1.96	9.47	-0.89	-0.86
GW-9896	0.61	1.82	37.59	1.66	20.35	19.71	79.68	260.36	6.11	1.73	1.9	0.94	0.99	27.82	-4.37	-0.5	2.1	14.75	-0.65	-0.22
GW-9898	0.61	1.76	31.03	1.59	19.21	19.63	75.79	154.47	5.78	1.73	1.09	1.25	0.95	24.71	-3.95	-0.7	1.72	6.71	-0.89	-0.72
GW-9899	0.61	1.74	33.49	1.68	18.98	19.38	77.78	201.13	6.02	1.73	2.33	1.19	0.98	27.28	-4.37	-0.29	1.69	10.36	-0.79	-0.01
GW-9901	0.61	1.7	35.06	1.59	19.32	19.54	70.36	193.4	5.42	1.76	1.49	0.49	1.0	21.32	-5.6	-0.57	2.04	8.88	-0.97	-0.68
GW-9903	0.61	1.83	35.2	1.61	18.64	18.45	84.42	173.39	5.88	1.8	1.46	1.35	0.87	23.73	-4.31	-0.7	1.73	8.22	-0.95	-0.58
GW-9904	0.61	1.76	31.57	1.45	19.37	18.79	77.48	208.63	5.89	1.75	1.2	1.1	1.01	27.4	-3.63	-0.48	1.95	10.82	-1.14	-0.21
GW-9905	0.61	1.8	33.96	1.69	19.06	19.47	84.41	213.81	6.39	1.74	2.28	0.48	1.0	21.74	-5.71	-0.41	1.83	10.84	-0.77	0.11
GW-9907	0.61	1.97	29.97	1.7	19.17	19.6	77.46	213.47	5.92	1.75	2.2	1.41	0.91	23.76	-4.15	-0.36	1.46	10.12	-1.17	-0.27
GW-9910	0.61	1.78	31.45	1.54	18.59	18.1	91.42	195.64	5.4	1.76	0.75	0.72	1.01	21.41	-3.57	-0.59	2.72	9.69	-0.97	-0.36
GW-9911	0.61	1.76	33.17	1.46	20.02	19.22	80.24	211.37	6.09	1.7	2.21	1.05	1.04	24.38	-5.22	-0.22	2.46	9.78	-0.99	-0.13
GW-9912	0.61	1.85	32.97	1.51	19.78	19.53	72.31	236.07	5.85	1.77	2.28	1.27	1.02	21.89	-3.77	-0.35	1.39	12.57	-1.12	-0.32
GW-9914	0.61	1.74	31.4	1.5	18.84	18.88	73.83	178.94	5.24	1.8	0.44	1.04	1.03	23.11	-3.21	-0.46	1.86	8.28	-1.26	-0.86
GW-9918	0.61	1.75	36.92	1.61	19.41	19.73	81.61	245.43	6.06	1.73	2.23	1.14	1.11	22.96	-5.9	0.08	2.1	13.22	-1.23	0.19
GW-9919	0.61	1.76	26.14	1.69	18.29	18.18	69.53	162.54	5.43	1.71	1.29	1.24	0.99	17.75	-5.32	-0.66	1.8	7.5	-0.79	-0.47
GW-9920	0.61	1.78	39.33	1.61	19.01	19.44	82.76	247.31	6.9	1.77	1.91	1.18	0.97	28.98	-3.5	-0.29	2.63	13.14	-0.34	0.11
GW-9922	0.61	1.86	29.49	1.58	19.26	18.67	82.17	192.01	5.41	1.78	2.52	0.7	1.0	21.17	-3.4	-0.33	2.48	9.07	-1.14	-0.23
GW-9947	0.61	1.83	31.93	1.62	19.57	18.96	73.81	234.73	4.88	1.72	0.91	1.12	0.95	20.93	-5.6	-0.26	1.74	11.07	-1.69	0.15
GW-9952	0.61	1.88	35.92	1.57	19.74	19.68	89.92	209.82	5.44	1.76	2.36	0.95	1.02	22.59	-4.12	-0.39	2.45	10.05	-1.32	-0.1
GW-9955	0.61	1.94	30.43	1.37	19.56	19.44	75.15	212.49	4.54	1.7	0.47	0.52	0.91	26.14	-4.09	-0.61	1.82	10.47	-1.23	-0.37
GW-9959	0.61	1.8	37.16	1.38	19.7	20.17	72.06	222.34	5.85	1.8	1.45	1.09	0.96	27.28	-4.12	-0.08	1.85	11.45	-0.87	0.18
GW-9961	0.61	1.88	36.5	1.53	19.57	19.22	84.34	239.38	5.88	1.8	0.4	1.13	0.96	23.48	-3.57	-0.57	2.4	11.98	-1.32	-0.24
GW-9964	0.61	1.85	33.04	1.48	19.87	19.84	73.68	252.4	5.68	1.72	2.27	1.26	0.94	23.14	-4.9	-0.5	1.73	13.45	-1.23	0.16
GW-9965	0.61	1.76	35.9	1.37	18.74	18.49	70.99	219.21	5.31	1.7	1.77	1.02	1.01	17.94	-4.86	-0.68	1.67	11.73	-1.35	-0.1
GW-9966	0.61	1.73	35.55	1.43	19.19	18.48	65.71	173.35	5.66	1.78	0.68	0.64	0.94	18.77	-2.98	-0.77	2.4	8.25	-1.54	-0.9
GW-9967	0.61	1.8	40.21	1.38	18.66	18.16	81.92	215.04	4.73	1.82	1.31	1.03	1.03	19.21	-3.36	-0.48	2.24	10.08	-1.59	-0.97
GW-9968	0.61	1.8	32.72	1.52	18.46	18.03	81.7	193.81	4.91	1.71	1.67	1.8	1.11	20.94	-5.71	-0.91	2.22	8.96	-1.23	-0.5
GW-9969	0.61	1.85	37.19	1.56	19.2	18.98	75.03	239.25	5.79	1.69	2.79	1.27	1.16	23.2	-5.32	-0.61	2.16	12.2	-1.14	-0.13
GW-9971	0.61	1.84	36.16	1.26	19.09	19.07	74.64	225.95	5.22	1.75	1.59	1.23	1.01	22.41	-2.13	-0.52	1.89	11.62	-1.8	-0.66
HARA-26-2	0.61	1.71	34.77	1.35	19.68	19.83	81.57	209.07	6.28	1.74	0.9	1.36	0.99	24.64	-3.88	-0.23	1.71	10.82	-0.93	-0.44
HARB-26-4	0.61	1.86	39.24	1.63	19.6	19.44	73.99	275.03	6.43	1.77	2.44	1.46	0.94	27.86	-5.22	-0.18	1.52	15.37	-1.04	0.07
HARB-26-5	0.61	1.91	39.42	1.59	19.05	19.32	79.02	236.92	5.12	1.74	1.93	1.37	1.06	23.85	-3.95	-0.73	2.36	12.71	-0.99	-0.17
HARC-26-1	0.61	1.74	36.43	1.62	19.5	19.01	81.77	199.33	6.15	1.7	2.25	1.32	0.94	24.87	-4.18	-0.44	2.16	9.25	-0.91	-0.19
HARC-26-4	0.61	1.7	33.2	1.64	19.45	19.28	67.63	207.66	5.68	1.74	2.8	1.49	1.04	19.5	-5.27	-0.07	1.2	9.99	-0.97	-0.37
HARC-26-5	0.61	1.82	36.04	1.59	18.57	18.55	84.23	213.46	4.4	1.74	0.24	1.1	0.95	22.76	-3.5	-0.59	2.43	10.28	-1.04	-0.72
HIRD-12-2	0.61	1.88	37.11	1.58	20.51	20.48	64.43	257.79	6.57	1.68	1.55	1.6	0.99	25.66	-4.51	-0.33	0.81	14.6	-0.89	0.05
HOMA-21-2	0.61	1.73	39.48	1.4	18.79	18.55	69.16	252.15	5.34	1.74	0.35	1.21	1.09	22.14	-6.25	-0.66	2.4	13.38	-0.87	-0.33
HOMB-21-2	0.61	1.81	43.52	1.43	19.49	19.64	69.82	266.17	5.2	1.69	2.36	1.5	1.02	26.57	-4.51	-0.66	1.38	14.08	-0.83	0.84
HOMB-21-4	0.61	1.76	35.26	1.67	18.41	18.59	77.47	207.63	5.24	1.78	2.75	1.48	1.08	19.3	-5.84	-0.39	2.09	10.69	-1.02	-0.44
HOMC-21-1	0.61	1.76	34.1	1.62	19.3	19.8	89.35	211.72	5.8	1.7	1.47	1.46	1.09	27.1	-3.4	-0.59	2.23	10.85	-0.99	-0.5
HOMC-21-3	0.61	1.76	33.94	1.68	19.86	20.05	77.07	214.38	6.11	1.77	2.44	1.19	1.06	23.03	-6.48	-0.48	1.81	11.0	-0.56	-0.24
HOMC-21-4	0.61	1.71	36.86	1.44	19.85	19.53	80.87	224.4	5.67	1.71	2.22	0.79	1.0	25.98	-3.3	-0.22	2.11	11.08	-0.95	-0.49
HOMD-21-1	0.61	1.92	32.62	1.78	19.86	18.85	77.07	198.02	4.46	1.75	1.94	1.31	1.06	24.48	-5.03	-0.66	1.68	8.82	-1.02	-0.55
HOMD-21-2	0.61	1.86	33.75	1.84	19.29	19.13	70.8	200.48	5.88	1.73	2.12	0.81	1.01	20.32	-5.17	-0.61	1.8	9.6	-0.3	0.08
HOMD-21-3	0.61	1.87	36.39	1.35	19.49	19.05	71.25	226.32	5.44	1.78	2.46	1.04	1.06	27.12	-3.9	-0.2	1.94	11.54	-0.56	-0.4
HOMD-21-4	0.61	1.84	38.24	1.5	18.49	18.66	70.22	220.49	4.83	1.74	0.84	1.77	1.19	18.43	-3.32	-0.73	1.28	11.33	-0.87	-0.61
HOPF-27-1	0.61	1.81	39.07	1.35	19.08	18.89	75.36	183.21	5.16	1.72	0.89	0.7	0.96	28.87	-4.01	-0.66	1.64	8.34	-1.14	-0.37
HOPF-27-5	0.61	1.74	33.45	1.68	19.13	19.31	80.3	233.13	5.59	1.83	2.85	1.22	0.86	17.62	-5.54	-0.64	1.75	11.78	-0.91	-0.17
HOPG-27-1	0.61	1.78	34.16	1.52	18.82	18.84	91.79	196.94	5.73	1.76	0.94	1.52	0.98	21.75	-2.31	-0.57	3.12	9.42	-1.12	-0.95
HOPG-27-3	0.61	1.73	33.56	1.37	19.78	20.07	84.21	189.23	5.79	1.72	2.42	1.28	0.98	19.83	-4.94	-0.59	2.47	8.52	-1.29	-0.32
HOPG-27-5	0.61	1.8	33.89	1.74	19.63	19.64	71.4	246.38	6.02	1.72	2.89	0.95	1.05	22.84	-5.77	-0.59	2.07	12.05	-1.43	0.19
HRSO-27-3	0.61	1.81	34.79	1.59	18.44	19.08	80.79	190.95	5.66	1.66	1.77	1.11	1.07	24.77	-5.22	-0.46	2.08	9.46	-0.68	-0.46
HRSP-27-1	0.61	1.86	31.41	1.59	18.48	18.51	76.78	165.13	4.56	1.73	1.89	1.32	0.99	13.37	-6.48	-0.8	1.52	6.86	-1.29	-0.86
HRSP-27-4	0.61	1.82	36.45	1.44	19.25	19.59	87.0	252.86	5.23	1.76	1.84	1.33	1.01	25.78	-4.41	-0.7	2.43	13.17	-1.39	0.02
HRSP-27-5	0.61	1.79	34.1	1.61	20.05	20.4	78.44	240.14	6.03	1.78	2.07	1.73	1.04	29.36	-4.41	-0.5	1.99	12.71	-0.81	-0.37
KLNA-20-4	0.61	1.76	35.43	1.55	19.71	18.96	82.11	190.78	6.17	1.77	1.87	0.77	1.05	26.91	-3.7	-0.48	2.55	8.38	-0.91	-0.46
KLNA-20-5	0.61	1.87	33.74	1.72	19.59	20.35	75.29	194.5	5.93	1.7	2.27	1.51	1.13	27.49	-4.44	-0.61	2.24	8.84	-0.23	-0.4
KLNB-20-2	0.61	1.85	33.68	1.53	18.55	19.77	86.6	211.3	5.02	1.7	2.13	1.87	1.08	26.83	-3.93	-0.35	2.6	10.17	-0.81	-0.3
KLNB-20-3	0.61	1.85	32.56	1.59	19.14	19.12	69.83	179.59	5.02	1.72	2.25	1.75	0.99	20.39	-4.41	-0.66	2.13	7.9	-0.99	-0.47
KLND-20-1	0.61	1.81	36.21	1.48	18.94	18.92	92.78	224.51	5.22	1.78	2.89	1.38	1.07	15.76	-5.38	-0.27	2.33	11.56	-1.43	-0.65
KLND-20-2	0.61	1.81	30.62	1.48	19.71	19.36	85.42	183.71	5.98	1.76	1.1	1.3	1.09	24.28	-2.72	-0.59	2.71	7.99	-1.17	-0.17
KLND-20-3	0.61	1.69	34.99	1.77	19.59	19.05	90.61	245.83	5.29	1.73	1.19	0.69	1.03	29.75	-4.58	-0.59	2.99	11.85	-1.32	0.22
KLND-20-5	0.61	1.9	31.99	1.66	20.21	19.48	79.37	187.56	5.29	1.7	2.95	1.36	1.13	25.19	-3.82	-0.7	2.32	8.13	-0.87	-0.4
KLNE-20-3	0.61	1.75	34.64	1.71	19.59	19.67	81.35	201.09	6.24	1.73	2.91	1.51	0.99	25.75	-5.9	-0.27	2.09	9.63	-0.93	0.17
KLNE-20-4	0.61	1.85	39.47	1.49	20.41	20.05	88.32	247.95	6.27	1.73	2.71	1.5	1.09	28.57	-4.07	-0.14	2.6	13.06	-1.07	0.64
KLNG-20-2	0.61	1.74	35.61	1.67	19.9	19.79	80.88	243.85	6.94	1.8	2.61	2.04	1.13	31.77	-4.78	-0.5	2.32	12.62	-0.39	0.23
KLNG-20-3	0.61	1.9	32.2	1.69	19.26	20.35	80.55	178.3	6.31	1.75	1.92	1.48	0.94	22.3	-3.42	-0.46	2.64	7.64	-0.71	-0.38
KLNG-20-4	0.61	1.78	34.87	1.58	19.1	19.32	90.46	199.65	6.04	1.75	2.75	0.96	0.98	24.32	-5.38	-0.33	2.82	9.82	-0.77	-0.19
KTMA-12-3	0.61	1.89	30.42	1.62	19.73	19.86	87.85	223.02	6.0	1.77	1.12	1.41	1.0	25.33	-4.21	-0.36	2.77	11.15	-0.53	0.31
KTMA-12-4	0.61	1.78	35.91	1.75	19.84	19.9	82.36	256.26	7.33	1.74	3.23	1.08	1.01	31.29	-4.21	-0.02	2.29	13.89	-0.71	0.64
KTMB-12-1	0.61	1.81	29.88	1.71	19.71	19.28	72.93	207.52	6.09	1.7	3.06	1.91	1.05	25.93	-5.77	-0.48	1.75	10.21	-0.26	-0.58
KTMB-12-3	0.61	1.84	24.25	1.5	17.73	17.68	69.72	168.0	5.29	1.73	2.04	1.31	1.12	20.09	-6.65	-0.55	1.91	8.44	-0.75	-0.5
KTMC-12-3	0.61	1.67	35.39	1.11	17.88	18.76	81.92	210.14	5.1	1.71	1.17	1.07	1.0	20.95	-4.48	-0.2	2.36	10.63	-1.12	-0.41
KTMC-12-5	0.61	1.78	36.14	1.61	19.25	18.75	76.74	223.35	5.95	1.72	1.01	0.31	1.01	20.15	-5.38	-0.43	2.0	11.76	-0.58	0.0
LILA-26-1	0.61	1.76	35.36	1.35	18.62	19.0	82.43	202.81	4.94	1.7	1.61	0.68	0.97	23.96	-5.03	-0.53	2.74	9.46	-1.35	-0.09
LILA-26-4	0.61	1.86	35.58	1.8	19.74	20.3	85.93	225.72	5.81	1.79	2.5	0.52	0.71	23.58	-5.32	-0.53	2.17	10.62	-1.64	0.27
LILB-26-1	0.61	1.85	34.19	1.9	19.95	19.58	76.42	213.31	5.23	1.71	1.67	0.99	1.06	22.42	-3.7	-0.29	2.38	9.85	-1.09	-0.38
LILC-26-4	0.61	1.8	33.39	1.53	18.7	19.18	77.05	193.87	5.99	1.79	2.34	1.3	1.06	25.06	-4.09	-0.36	1.81	9.85	-1.09	0.08
LILC-26-5	0.61	1.79	28.8	1.51	18.69	18.83	74.98	136.19	5.61	1.74	0.97	1.12	1.01	18.05	-2.22	-0.61	2.06	5.33	-1.46	-0.95
LILD-26-3	0.61	1.78	33.64	1.68	18.76	19.38	54.24	165.61	5.59	1.68	1.57	1.27	1.03	19.12	-5.17	-0.22	0.9	7.09	-0.56	-0.76
LILD-26-4	0.61	1.58	29.55	1.11	16.4	16.67	67.97	145.72	4.11	1.77	1.01	1.14	1.0	16.26	-5.54	-0.5	1.86	6.69	-1.93	-1.34
MCMN-27-2	0.61	1.82	33.74	1.35	18.34	18.45	87.55	206.67	4.74	1.77	1.73	1.05	1.03	21.48	-2.93	-0.83	2.1	10.47	-0.95	-0.3
MCMN-27-3	0.61	1.9	36.62	1.73	20.68	20.46	75.73	262.51	6.27	1.71	2.56	1.38	0.98	32.2	-4.28	-0.12	1.53	14.14	-0.49	-0.01
MCMN-27-4	0.61	1.81	34.27	1.59	19.49	19.28	77.1	259.52	7.12	1.78	2.58	1.66	1.05	31.82	-5.17	-0.24	2.29	14.22	-0.7	0.45
MTSM-27-3	0.61	1.88	34.29	1.79	19.2	18.92	88.05	164.05	5.44	1.75	2.33	1.02	1.04	24.29	-4.66	-0.55	2.82	5.98	-1.23	-0.53
NHTA-27-3	0.61	1.84	33.85	1.52	20.11	19.53	84.45	210.34	5.99	1.69	1.96	0.84	1.0	17.65	-4.86	-0.75	2.43	9.99	-1.39	-0.01
NHTB-27-1	0.61	1.8	31.65	1.52	19.46	19.64	75.84	215.71	5.44	1.72	1.81	0.93	1.01	23.89	-5.17	-0.14	3.17	10.7	-1.04	-0.49
NHTB-27-3	0.61	1.83	34.18	1.27	18.5	18.59	74.69	194.07	4.42	1.72	2.02	1.07	1.07	20.68	-3.75	-0.52	2.06	9.2	-0.99	-0.34
SKWA-24-4	0.61	1.81	39.76	1.64	19.27	19.06	79.83	238.28	5.74	1.8	2.13	1.33	1.01	24.15	-4.99	-0.39	1.68	11.57	-0.65	-0.36
SKWA-24-5	0.61	1.82	36.14	1.5	19.1	19.7	97.57	225.11	6.26	1.74	1.22	1.51	1.05	16.75	-3.63	-0.43	1.55	11.63	-1.17	-0.16
SKWB-24-3	0.61	1.73	32.16	1.49	19.66	19.5	83.76	227.87	5.99	1.74	0.63	1.33	1.07	27.13	-4.34	-0.41	3.01	11.62	-1.54	-0.05
SKWD-24-4	0.61	1.89	32.1	1.31	19.23	18.37	81.0	180.53	4.14	1.76	1.02	1.26	1.04	24.14	-4.66	-0.57	2.1	7.71	-1.8	-0.84
SKWD-24-5	0.61	1.78	34.54	1.62	19.69	19.35	78.91	201.61	5.87	1.75	2.1	1.03	1.06	26.89	-4.18	-0.32	1.72	9.91	-0.93	-0.52
SKWE-24-1	0.61	1.79	35.03	1.88	19.41	19.21	88.01	212.99	5.75	1.83	1.8	0.87	0.93	20.59	-4.18	-0.5	2.89	10.72	-0.81	-0.58
SKWE-24-2	0.61	1.81	31.47	1.53	19.54	21.19	83.75	146.56	5.42	1.75	1.94	0.94	1.15	20.03	-1.92	-0.48	2.54	5.28	-0.55	-1.18
SKWE-24-4	0.61	1.86	40.83	1.48	20.31	20.22	82.0	294.67	5.62	1.71	2.41	0.9	1.07	28.69	-3.82	-0.22	2.06	16.13	-0.99	0.51
SKWF-24-5	0.61	1.89	35.47	1.7	19.34	19.39	78.18	207.08	5.5	1.75	2.25	1.08	0.99	19.48	-5.71	-0.33	2.39	10.14	-0.73	-0.38
SLMB-28-3	0.61	1.82	30.46	1.55	19.48	19.35	78.17	208.42	5.2	1.76	1.94	0.7	1.05	20.13	-5.17	-0.46	2.4	10.49	-1.12	-0.36
SLMB-28-4	0.61	1.9	30.64	1.34	18.82	18.84	78.73	149.86	5.15	1.79	1.29	1.3	0.98	15.4	-5.22	-0.8	2.28	6.09	-0.79	-0.33
SLMC-28-1	0.61	1.81	35.47	1.63	21.69	19.8	84.1	235.31	5.62	1.76	2.08	0.9	0.94	23.57	-5.03	-0.41	2.0	11.66	-0.93	-0.15
SLMC-28-2	0.61	1.79	32.15	1.6	20.35	20.16	71.69	233.7	6.34	1.76	1.96	0.7	0.96	25.92	-4.55	-0.39	1.89	11.3	-0.65	-0.23
SLMC-28-3	0.61	1.75	35.16	1.36	18.73	18.43	78.91	226.71	4.71	1.7	1.69	-0.06	0.7	22.14	-4.66	-0.44	1.76	12.08	-1.29	-0.32
SLMD-28-1	0.61	1.76	32.16	1.42	19.26	18.46	83.46	169.0	5.21	1.73	1.31	0.46	0.93	22.56	-6.25	-1.0	1.9	6.84	-0.37	-0.65
SQMA-25-1	0.61	1.82	35.62	1.44	19.64	19.4	77.35	232.09	5.67	1.8	2.01	0.92	0.98	23.29	-5.48	-0.48	2.49	11.18	-0.99	-0.13
SQMB-25-3	0.61	1.65	33.89	1.53	18.6	18.74	72.43	198.6	6.37	1.76	1.43	1.11	1.0	21.77	-3.32	-0.66	1.65	9.61	-0.99	0.0
SQMB-25-4	0.61	1.72	34.05	1.33	18.81	18.8	73.81	212.33	5.1	1.77	0.75	0.84	0.92	18.78	-4.01	-0.53	1.53	10.71	-1.2	-0.72
VNDL-27-1	0.61	1.63	27.26	1.48	17.05	17.08	76.11	133.47	4.45	1.72	0.59	1.22	1.0	11.41	-3.42	-1.03	1.6	4.58	-1.17	-1.72
VNDL-27-3	0.61	1.71	29.99	1.29	18.54	18.68	70.01	200.73	5.42	1.77	-0.08	1.08	1.03	19.06	-5.32	-0.44	1.73	8.82	-0.89	-0.34
VNDL-27-4	0.61	1.77	30.24	1.33	18.48	18.49	87.31	214.46	4.96	1.78	1.45	1.21	1.0	23.94	-4.31	-0.7	2.59	11.07	-1.43	-0.82
VNDL-27-5	0.61	1.7	35.78	1.48	19.58	20.15	70.01	239.27	6.43	1.71	2.27	0.71	0.84	29.89	-3.75	-0.39	1.2	12.32	-1.02	0.27
WELC-27-1	0.61	1.84	27.03	1.72	17.75	17.67	77.62	174.43	5.34	1.73	1.7	0.96	1.07	22.51	-5.38	-0.8	1.76	8.67	-1.2	-0.7
WELC-27-2	0.61	1.84	31.96	1.39	19.37	18.55	72.13	188.49	4.84	1.8	1.47	1.21	1.05	15.09	-5.27	-0.44	2.33	7.95	-1.35	-0.61
WELC-27-3	0.61	1.84	30.69	1.56	18.87	19.0	72.25	201.49	5.33	1.74	1.97	2.21	1.11	19.35	-3.68	-0.52	1.94	10.04	-0.81	-0.61
WELC-27-4	0.61	1.76	36.48	1.45	19.4	18.87	69.9	244.79	5.82	1.79	2.68	2.8459487036e-314	2.73538441e-315	23.05	-5.43	-0.46	1.07	12.95	-1.26	0.29
WELC-27-5	0.61	1.74	33.74	1.26	18.38	18.2	86.04	225.86	5.57	1.76	0.82	2.845950648e-314	5.26933922283343e-310	22.68	-3.7	-0.5	2.13	11.99	-1.59	-0.4
YALD-27-2	0.61	1.8	30.27	1.36	19.29	19.11	81.8	179.35	5.54	1.73	1.9	2.84594619e-314	-9.558670068190518e-299	25.12	-3.5	-0.48	2.25	8.4	-1.17	-0.58
YALE-27-1	0.61	1.74	34.4	1.35	18.91	19.6	79.38	208.03	5.36	1.76	1.98	2.8459500316e-314	1.94717493987e-312	19.64	-4.82	-0.64	2.31	9.76	-1.09	-0.33
YALE-27-2	0.61	1.84	36.23	1.59	19.46	20.03	2.845865653e-314	233.21	5.34	5.34	1.52	2.845951502e-314	nan	19.79	-4.99	-0.3	2.9960130566e-314	10.84	-0.87	-0.4
